,HomeTeam,AwayTeam,MW,HP,AP,Pdiff,HPOS,APOS,POSdiff,HW,AW,HD,AD,HL,AL,HTGS,ATGS,HTGC,ATGC,HTGD,ATGD,HTSF,ATSF,HTSTF,ATSTF,HTSC,ATSC,HTSTC,ATSTC,HPR,APR,HF5,AF5,HTHGS,ATAGS,HTHGC,ATAGC,HTHSF,ATASF,HTHSC,ATASC,HTHSTF,ATASTF,HTHSTC,ATASTC,HTHP,ATAP,HTHW,ATAW,HTHD,ATAD,HTHL,ATAL,avg_HGPG,avg_AGPG
50,Crystal Palace,Fulham,6,1.4,1.4,0,9,10,-1,0.4,0.4,0.2,0.2,0.4,0.4,1.2,1.0,1.4,2.0,-0.2,-1.0,15.0,9.2,5.8,2.6,12.4,13.8,2.8,7.0,3,0,7,4,1.2,1.6,1.2,2.8,12.0,9.2,10.4,18.0,5.2,3.6,2.8,10.0,1.2,1.6,0.4,0.4,0.0,0.4,0.4,0.4,1.62,1.46
51,Luton,Wolves,6,0.0,0.6,-3,20,17,3,0.0,0.2,0.0,0.0,1.0,0.8,0.6,1.0,2.4,2.2,-1.8,-1.2,12.2,14.6,2.0,3.8,16.4,15.6,5.8,7.0,0,0,0,3,0.8,1.2,1.6,1.6,13.6,18.4,9.2,18.4,1.6,4.8,2.8,8.4,0.0,1.2,0.0,0.4,0.0,0.0,0.8,0.8,1.588235294,1.431372549
52,Man City,Nott'm Forest,6,3.0,1.4,8,1,8,-7,1.0,0.4,0.0,0.2,0.0,0.4,2.8,1.4,0.6,1.4,2.2,0.0,19.4,10.4,8.2,3.4,6.2,14.2,2.2,4.8,3,3,12,6,2.4,1.6,0.4,2.0,8.4,8.8,5.2,21.6,3.6,3.6,2.0,7.2,2.4,1.2,0.8,0.4,0.0,0.0,0.0,0.8,1.576923077,1.423076923
53,Brentford,Everton,6,1.2,0.2,5,11,19,-8,0.2,0.0,0.6,0.2,0.2,0.8,1.6,0.4,1.2,1.8,0.4,-1.4,14.4,13.4,4.8,5.0,12.8,11.8,4.0,4.6,1,1,6,1,2.0,0.8,2.0,2.4,17.6,10.0,18.0,10.4,5.6,3.2,6.4,6.0,1.2,0.4,0.0,0.0,1.2,0.4,0.0,0.4,1.58490566,1.396226415
54,Burnley,Man United,6,0.8,1.2,-2,15,13,2,0.2,0.4,0.2,0.0,0.6,0.6,1.2,1.2,2.6,2.0,-1.4,-0.8,11.0,15.8,2.8,4.8,17.0,15.2,6.2,5.8,0,0,3,6,1.2,0.4,4.4,2.0,12.4,12.8,21.2,13.6,2.8,3.2,9.6,4.4,0.0,0.0,0.0,0.0,0.0,0.0,1.2,0.8,1.574074074,1.425925926
55,Arsenal,Tottenham,6,2.6,2.6,0,4,2,2,0.8,0.8,0.2,0.2,0.0,0.0,1.8,2.6,0.8,1.0,1.0,1.6,15.6,20.0,6.0,7.6,9.2,13.4,2.0,4.8,3,3,10,10,2.8,3.6,1.6,1.6,20.4,22.0,9.6,15.2,9.2,8.8,2.8,5.2,2.8,2.8,0.8,0.8,0.4,0.4,0.0,0.0,1.545454545,1.418181818
56,Brighton,Bournemouth,6,2.4,0.6,9,5,16,-11,0.8,0.0,0.0,0.6,0.2,0.4,3.0,0.8,1.4,1.6,1.6,-0.8,18.6,12.6,8.8,4.4,12.0,18.8,3.4,6.4,3,1,9,2,3.2,1.2,2.0,2.0,26.8,10.0,12.0,18.8,11.2,4.0,3.2,6.8,2.4,0.4,0.8,0.0,0.0,0.4,0.4,0.4,1.553571429,1.428571429
57,Chelsea,Aston Villa,6,1.0,1.8,-4,14,7,7,0.2,0.6,0.4,0.0,0.4,0.4,1.0,2.2,1.0,2.0,0.0,0.2,16.2,14.0,4.8,5.4,11.2,11.6,3.0,4.8,0,0,4,6,1.6,1.6,0.8,3.6,20.0,16.4,12.4,17.2,5.6,6.0,2.0,7.6,1.6,1.2,0.4,0.4,0.4,0.0,0.4,0.8,1.578947368,1.421052632
58,Liverpool,West Ham,6,2.6,2.0,3,3,6,-3,0.8,0.6,0.2,0.2,0.0,0.2,2.4,2.0,0.8,1.4,1.6,0.6,16.2,11.0,5.0,3.6,13.2,20.2,4.4,7.0,3,3,10,10,2.4,2.4,0.4,1.2,17.2,14.8,8.8,22.0,5.6,3.6,3.2,6.4,2.4,2.8,0.8,0.8,0.0,0.4,0.0,0.0,1.551724138,1.413793103
59,Sheffield United,Newcastle,6,0.2,1.2,-5,18,12,6,0.0,0.4,0.2,0.0,0.8,0.6,1.0,1.6,1.8,1.4,-0.8,0.2,8.2,13.0,3.8,5.2,22.8,13.0,7.4,4.4,1,0,1,3,1.2,0.4,2.0,1.6,10.8,6.4,28.0,11.6,4.4,1.2,9.2,4.0,0.4,0.0,0.0,0.0,0.4,0.0,0.8,0.8,1.576271186,1.406779661
60,Aston Villa,Brighton,7,2.0,2.5,-3,6,3,3,0.6666666666666666,0.8333333333333334,0.0,0.0,0.3333333333333333,0.16666666666666666,2.0,3.0,1.6666666666666667,1.3333333333333333,0.3333333333333333,1.6666666666666667,14.166666666666666,17.666666666666668,5.666666666666667,8.0,11.333333333333334,12.0,4.666666666666667,3.5,3,3,9,12,2.3333333333333335,2.3333333333333335,0.3333333333333333,0.6666666666666666,9.666666666666666,8.666666666666666,5.0,10.0,4.0,5.333333333333333,1.6666666666666667,3.0,2.0,2.0,0.6666666666666666,0.6666666666666666,0.0,0.0,0.0,0.0,1.55,1.516666667
61,Bournemouth,Arsenal,7,0.5,2.3333333333333335,-11,18,5,13,0.0,0.6666666666666666,0.5,0.3333333333333333,0.5,0.0,0.8333333333333334,1.8333333333333333,1.8333333333333333,1.0,-1.0,0.8333333333333334,12.5,15.166666666666666,4.333333333333333,6.0,17.833333333333332,9.833333333333334,6.0,2.5,1,3,3,13,0.3333333333333333,0.6666666666666666,1.0,0.0,12.666666666666666,9.0,15.666666666666666,7.333333333333333,4.0,2.3333333333333335,5.0,1.0,0.6666666666666666,2.0,0.0,0.6666666666666666,0.6666666666666666,0.0,0.3333333333333333,0.0,1.62295082,1.508196721
62,Everton,Luton,7,0.6666666666666666,0.16666666666666666,3,15,19,-4,0.16666666666666666,0.0,0.16666666666666666,0.16666666666666666,0.6666666666666666,0.8333333333333334,0.8333333333333334,0.6666666666666666,1.6666666666666667,2.1666666666666665,-0.8333333333333334,-1.5,14.166666666666666,13.5,5.166666666666667,2.3333333333333335,11.833333333333334,14.166666666666666,4.166666666666667,5.333333333333333,0,0,1,0,0.0,0.3333333333333333,1.0,2.6666666666666665,14.0,9.0,11.0,19.666666666666668,5.666666666666667,2.0,2.6666666666666665,7.333333333333333,0.0,0.0,0.0,0.0,0.0,0.0,1.0,1.0,1.596774194,1.548387097
63,Man United,Crystal Palace,7,1.5,1.3333333333333333,1,9,10,-1,0.5,0.3333333333333333,0.0,0.3333333333333333,0.5,0.3333333333333333,1.1666666666666667,1.0,1.6666666666666667,1.1666666666666667,-0.5,-0.16666666666666666,15.0,13.666666666666666,4.666666666666667,5.333333333333333,14.666666666666666,12.0,5.5,3.1666666666666665,0,0,6,7,1.6666666666666667,1.0,1.6666666666666667,1.3333333333333333,15.666666666666666,15.0,14.0,12.0,5.333333333333333,5.333333333333333,6.0,2.3333333333333335,2.0,1.3333333333333333,0.6666666666666666,0.3333333333333333,0.0,0.3333333333333333,0.3333333333333333,0.3333333333333333,1.587301587,1.555555556
64,Newcastle,Burnley,7,1.5,0.6666666666666666,5,8,17,-9,0.5,0.16666666666666666,0.0,0.16666666666666666,0.5,0.6666666666666666,2.6666666666666665,1.0,1.1666666666666667,2.3333333333333335,1.5,-1.3333333333333333,14.5,11.166666666666666,6.833333333333333,3.0,12.333333333333334,16.0,3.8333333333333335,5.833333333333333,3,1,6,4,2.3333333333333335,1.0,1.0,0.6666666666666666,16.333333333333332,8.0,12.0,10.666666666666666,7.666666666666667,2.3333333333333335,4.0,2.3333333333333335,2.0,1.3333333333333333,0.6666666666666666,0.3333333333333333,0.0,0.3333333333333333,0.3333333333333333,0.0,1.5625,1.546875
65,West Ham,Sheffield United,7,1.6666666666666667,0.16666666666666666,9,7,20,-13,0.5,0.0,0.16666666666666666,0.16666666666666666,0.3333333333333333,0.8333333333333334,1.8333333333333333,0.8333333333333334,1.6666666666666667,2.8333333333333335,0.16666666666666666,-2.0,11.0,8.333333333333334,3.6666666666666665,3.3333333333333335,20.5,22.666666666666668,7.0,8.666666666666666,0,0,10,1,1.3333333333333333,0.6666666666666666,1.3333333333333333,1.3333333333333333,6.0,4.666666666666667,15.333333333333334,14.666666666666666,3.0,2.6666666666666665,6.333333333333333,4.666666666666667,1.0,0.0,0.3333333333333333,0.0,0.0,0.0,0.3333333333333333,0.6666666666666666,1.569230769,1.523076923
66,Wolves,Man City,7,0.6666666666666666,3.0,-14,16,1,15,0.16666666666666666,1.0,0.16666666666666666,0.0,0.6666666666666666,0.0,1.0,2.6666666666666665,2.0,0.5,-1.0,2.1666666666666665,12.666666666666666,17.333333333333332,3.6666666666666665,7.5,16.333333333333332,6.833333333333333,6.5,2.3333333333333335,0,3,3,15,0.6666666666666666,2.6666666666666665,2.3333333333333335,0.6666666666666666,9.0,25.333333333333332,10.666666666666666,6.0,2.3333333333333335,10.666666666666666,4.666666666666667,2.0,0.0,3.0,0.0,1.0,0.0,0.0,0.6666666666666666,0.0,1.575757576,1.5
67,Tottenham,Liverpool,7,2.3333333333333335,2.6666666666666665,-2,4,2,2,0.6666666666666666,0.8333333333333334,0.3333333333333333,0.16666666666666666,0.0,0.0,2.5,2.5,1.1666666666666667,0.8333333333333334,1.3333333333333333,1.6666666666666667,18.833333333333332,17.166666666666668,7.166666666666667,5.333333333333333,13.333333333333334,12.833333333333334,5.0,4.333333333333333,3,3,13,13,1.3333333333333333,2.0,0.3333333333333333,1.0,15.0,12.666666666666666,9.666666666666666,14.666666666666666,5.333333333333333,3.6666666666666665,3.6666666666666665,4.666666666666667,2.0,2.3333333333333335,0.6666666666666666,0.6666666666666666,0.0,0.3333333333333333,0.0,0.0,1.582089552,1.492537313
68,Nott'm Forest,Brentford,7,1.1666666666666667,1.0,1,12,13,-1,0.3333333333333333,0.16666666666666666,0.16666666666666666,0.5,0.5,0.3333333333333333,1.1666666666666667,1.5,1.5,1.5,-0.3333333333333333,0.0,10.333333333333334,14.0,3.3333333333333335,4.333333333333333,13.0,13.666666666666666,4.666666666666667,4.333333333333333,1,0,7,6,1.0,1.0,0.6666666666666666,0.3333333333333333,10.0,9.333333333333334,5.666666666666667,6.333333333333333,2.6666666666666665,3.3333333333333335,2.0,1.3333333333333333,1.3333333333333333,1.0,0.3333333333333333,0.3333333333333333,0.3333333333333333,0.0,0.0,0.3333333333333333,1.588235294,1.485294118
69,Fulham,Chelsea,7,1.3333333333333333,0.8333333333333334,3,11,14,-3,0.3333333333333333,0.16666666666666666,0.3333333333333333,0.3333333333333333,0.3333333333333333,0.5,0.8333333333333334,0.8333333333333334,1.6666666666666667,1.0,-0.8333333333333334,-0.16666666666666666,9.333333333333334,15.166666666666666,3.0,4.666666666666667,12.666666666666666,11.833333333333334,6.333333333333333,3.6666666666666665,3,1,7,5,0.3333333333333333,0.3333333333333333,1.0,1.0,7.666666666666667,10.333333333333334,8.0,8.333333333333334,1.3333333333333333,3.3333333333333335,3.3333333333333335,3.3333333333333335,1.0,0.3333333333333333,0.3333333333333333,0.0,0.0,0.3333333333333333,0.3333333333333333,0.3333333333333333,1.579710145,1.47826087
70,Luton,Tottenham,8,0.5714285714285714,2.4285714285714284,-13,17,2,15,0.14285714285714285,0.7142857142857143,0.14285714285714285,0.2857142857142857,0.7142857142857143,0.0,0.8571428571428571,2.4285714285714284,2.0,1.1428571428571428,-1.1428571428571428,1.2857142857142858,12.857142857142858,19.571428571428573,2.2857142857142856,7.285714285714286,15.428571428571429,13.142857142857142,5.285714285714286,4.857142857142857,1,1,1,13,0.8571428571428571,3.142857142857143,1.4285714285714286,1.7142857142857142,15.428571428571429,19.428571428571427,7.428571428571429,14.571428571428571,2.2857142857142856,7.714285714285714,2.857142857142857,5.428571428571429,0.2857142857142857,2.2857142857142856,0.0,0.5714285714285714,0.2857142857142857,0.5714285714285714,0.5714285714285714,0.0,1.557142857,1.485714286
71,Burnley,Chelsea,8,0.5714285714285714,1.1428571428571428,-4,18,11,7,0.14285714285714285,0.2857142857142857,0.14285714285714285,0.2857142857142857,0.7142857142857143,0.42857142857142855,0.8571428571428571,1.0,2.2857142857142856,0.8571428571428571,-1.4285714285714286,0.14285714285714285,10.714285714285714,14.571428571428571,2.857142857142857,4.571428571428571,16.571428571428573,11.571428571428571,6.142857142857143,3.5714285714285716,0,0,4,4,0.8571428571428571,0.8571428571428571,3.4285714285714284,0.8571428571428571,12.285714285714286,12.0,18.285714285714285,10.0,3.142857142857143,4.0,8.0,3.7142857142857144,0.0,1.1428571428571428,0.0,0.2857142857142857,0.0,0.2857142857142857,1.1428571428571428,0.2857142857142857,1.535211268,1.478873239
72,Everton,Bournemouth,8,0.5714285714285714,0.42857142857142855,1,16,19,-3,0.14285714285714285,0.0,0.14285714285714285,0.42857142857142855,0.7142857142857143,0.5714285714285714,0.8571428571428571,0.7142857142857143,1.7142857142857142,2.142857142857143,-0.8571428571428571,-1.4285714285714286,15.428571428571429,11.857142857142858,5.142857142857143,3.857142857142857,11.428571428571429,17.428571428571427,3.857142857142857,6.285714285714286,3,0,4,2,0.2857142857142857,1.1428571428571428,1.4285714285714286,2.2857142857142856,18.571428571428573,10.571428571428571,12.0,17.142857142857142,6.285714285714286,4.0,2.857142857142857,6.0,0.0,0.2857142857142857,0.0,0.0,0.0,0.2857142857142857,1.1428571428571428,0.5714285714285714,1.527777778,1.513888889
73,Fulham,Sheffield United,8,1.1428571428571428,0.14285714285714285,7,13,20,-7,0.2857142857142857,0.0,0.2857142857142857,0.14285714285714285,0.42857142857142855,0.8571428571428571,0.7142857142857143,0.7142857142857143,1.7142857142857142,2.7142857142857144,-1.0,-2.0,9.428571428571429,9.428571428571429,3.0,3.142857142857143,12.428571428571429,22.285714285714285,6.0,8.714285714285714,1,0,5,1,0.2857142857142857,0.5714285714285714,1.4285714285714286,1.7142857142857142,9.428571428571429,8.571428571428571,10.0,18.285714285714285,2.0,2.857142857142857,4.0,6.571428571428571,0.8571428571428571,0.0,0.2857142857142857,0.0,0.0,0.0,0.5714285714285714,0.8571428571428571,1.547945205,1.493150685
74,Man United,Brentford,8,1.2857142857142858,1.0,2,10,14,-4,0.42857142857142855,0.14285714285714285,0.0,0.5714285714285714,0.5714285714285714,0.2857142857142857,1.0,1.4285714285714286,1.5714285714285714,1.4285714285714286,-0.5714285714285714,0.0,15.571428571428571,14.571428571428571,4.571428571428571,4.428571428571429,13.714285714285714,12.571428571428571,5.0,3.857142857142857,3,0,6,5,1.4285714285714286,1.1428571428571428,1.7142857142857142,0.5714285714285714,18.857142857142858,13.142857142857142,14.285714285714286,7.142857142857143,5.714285714285714,4.285714285714286,5.714285714285714,1.4285714285714286,1.7142857142857142,1.1428571428571428,0.5714285714285714,0.2857142857142857,0.0,0.2857142857142857,0.5714285714285714,0.2857142857142857,1.567567568,1.486486486
75,Crystal Palace,Nott'm Forest,8,1.5714285714285714,1.1428571428571428,3,9,12,-3,0.42857142857142855,0.2857142857142857,0.2857142857142857,0.2857142857142857,0.2857142857142857,0.42857142857142855,1.0,1.1428571428571428,1.0,1.4285714285714286,0.0,-0.2857142857142857,12.857142857142858,9.714285714285714,4.857142857142857,3.0,13.0,13.714285714285714,3.2857142857142856,4.714285714285714,1,0,5,7,0.8571428571428571,1.1428571428571428,0.8571428571428571,2.0,10.571428571428571,9.142857142857142,10.285714285714286,17.428571428571427,4.571428571428571,3.4285714285714284,3.4285714285714284,6.285714285714286,1.1428571428571428,0.8571428571428571,0.2857142857142857,0.2857142857142857,0.2857142857142857,0.0,0.2857142857142857,0.8571428571428571,1.573333333,1.48
76,Brighton,Liverpool,8,2.142857142857143,2.2857142857142856,-1,6,4,2,0.7142857142857143,0.7142857142857143,0.0,0.14285714285714285,0.2857142857142857,0.14285714285714285,2.7142857142857144,2.2857142857142856,2.0,1.0,0.7142857142857143,1.2857142857142858,16.714285714285715,16.428571428571427,7.285714285714286,5.142857142857143,13.0,14.428571428571429,4.285714285714286,4.857142857142857,3,3,12,15,3.142857142857143,2.0,1.7142857142857142,1.4285714285714286,22.857142857142858,14.285714285714286,12.0,19.428571428571427,9.142857142857142,4.285714285714286,3.4285714285714284,6.285714285714286,2.5714285714285716,2.0,0.8571428571428571,0.5714285714285714,0.0,0.2857142857142857,0.2857142857142857,0.2857142857142857,1.552631579,1.460526316
77,West Ham,Newcastle,8,1.8571428571428572,1.7142857142857142,1,7,8,-1,0.5714285714285714,0.5714285714285714,0.14285714285714285,0.0,0.2857142857142857,0.42857142857142855,1.8571428571428572,2.5714285714285716,1.4285714285714286,1.0,0.42857142857142855,1.5714285714285714,12.285714285714286,15.285714285714286,4.428571428571429,7.0,19.857142857142858,11.714285714285714,6.285714285714286,3.5714285714285716,0,3,9,6,1.7142857142857142,2.5714285714285716,1.1428571428571428,1.1428571428571428,10.857142857142858,10.857142857142858,17.714285714285715,10.857142857142858,5.142857142857143,5.142857142857143,6.0,3.142857142857143,1.7142857142857142,0.8571428571428571,0.5714285714285714,0.2857142857142857,0.0,0.0,0.2857142857142857,0.5714285714285714,1.558441558,1.467532468
78,Wolves,Aston Villa,8,1.0,2.142857142857143,-8,15,5,10,0.2857142857142857,0.7142857142857143,0.14285714285714285,0.0,0.5714285714285714,0.2857142857142857,1.1428571428571428,2.5714285714285716,1.8571428571428572,1.5714285714285714,-0.7142857142857143,1.0,11.285714285714286,14.857142857142858,3.2857142857142856,6.142857142857143,17.285714285714285,11.285714285714286,6.714285714285714,4.428571428571429,1,3,4,12,1.1428571428571428,1.4285714285714286,2.2857142857142856,2.5714285714285716,8.571428571428571,16.0,15.714285714285714,15.142857142857142,2.2857142857142856,6.285714285714286,6.285714285714286,6.571428571428571,0.8571428571428571,1.7142857142857142,0.2857142857142857,0.5714285714285714,0.0,0.0,0.5714285714285714,0.5714285714285714,1.564102564,1.474358974
79,Arsenal,Man City,8,2.4285714285714284,2.5714285714285716,-1,3,1,2,0.7142857142857143,0.8571428571428571,0.2857142857142857,0.0,0.0,0.14285714285714285,2.142857142857143,2.4285714285714284,0.8571428571428571,0.7142857142857143,1.2857142857142858,1.7142857142857142,15.142857142857142,18.142857142857142,6.285714285714286,7.571428571428571,9.571428571428571,6.285714285714286,2.2857142857142856,2.142857142857143,1,3,11,15,2.5714285714285716,2.5714285714285716,1.7142857142857142,1.1428571428571428,18.285714285714285,28.285714285714285,10.571428571428571,6.0,8.285714285714286,11.428571428571429,3.4285714285714284,2.0,2.2857142857142856,2.5714285714285716,0.5714285714285714,0.8571428571428571,0.5714285714285714,0.0,0.0,0.2857142857142857,1.556962025,1.46835443
80,Liverpool,Everton,9,2.125,0.875,10,4,16,-12,0.625,0.25,0.25,0.125,0.125,0.625,2.25,1.125,1.125,1.5,1.125,-0.375,16.125,16.625,5.0,5.5,14.375,11.375,4.625,3.875,0,0,12,4,2.25,1.25,0.5,1.75,16.25,10.75,8.25,9.5,5.25,3.5,3.0,4.25,2.25,1.0,0.75,0.25,0.0,0.25,0.0,0.25,1.55,1.45
81,Bournemouth,Wolves,9,0.375,1.0,-5,19,14,5,0.0,0.25,0.375,0.25,0.625,0.5,0.625,1.125,2.25,1.75,-1.625,-0.625,11.75,10.875,3.875,3.25,18.375,17.375,6.5,6.375,0,3,2,7,0.25,1.0,1.75,1.25,11.5,12.25,15.5,16.5,3.25,3.75,5.75,6.25,0.5,1.0,0.0,0.25,0.5,0.25,0.5,0.5,1.555555556,1.432098765
82,Brentford,Burnley,9,0.875,0.5,3,15,18,-3,0.125,0.125,0.5,0.125,0.375,0.75,1.375,0.875,1.5,2.5,-0.125,-1.625,14.125,10.625,4.25,2.875,13.625,15.625,4.375,6.0,1,0,3,1,1.5,0.75,2.0,1.0,14.0,8.0,15.75,13.0,4.0,2.25,5.5,3.75,0.75,1.0,0.0,0.25,0.75,0.25,0.25,0.25,1.548780488,1.43902439
83,Man City,Brighton,9,2.25,2.0,2,3,6,-3,0.75,0.625,0.0,0.125,0.25,0.25,2.125,2.625,0.75,2.0,1.375,0.625,16.375,16.375,6.75,6.75,7.0,13.125,2.125,4.25,0,0,12,9,2.0,2.0,0.25,2.0,7.0,9.25,5.75,12.25,3.25,4.75,2.0,4.5,2.25,1.5,0.75,0.5,0.0,0.0,0.0,0.25,1.56626506,1.421686747
84,Newcastle,Crystal Palace,9,1.625,1.5,1,8,9,-1,0.5,0.375,0.125,0.375,0.375,0.25,2.5,0.875,1.125,0.875,1.375,0.0,14.625,12.25,6.5,4.5,10.875,13.375,3.5,3.5,3,3,9,8,2.25,1.0,0.75,1.0,17.25,13.25,11.0,13.75,7.75,4.5,3.5,2.75,2.25,1.75,0.75,0.5,0.0,0.25,0.25,0.25,1.571428571,1.416666667
85,Nott'm Forest,Luton,9,1.125,0.5,5,13,17,-4,0.25,0.125,0.375,0.125,0.375,0.75,1.0,0.75,1.25,1.875,-0.25,-1.125,10.5,12.75,3.25,2.25,13.0,15.375,4.375,5.125,1,3,5,4,1.0,0.75,0.75,2.25,9.0,9.0,8.75,20.5,2.25,2.0,2.75,6.75,1.25,0.75,0.25,0.25,0.5,0.0,0.0,0.75,1.6,1.4
86,Chelsea,Arsenal,9,1.375,2.5,-9,11,2,9,0.375,0.75,0.25,0.25,0.375,0.0,1.375,2.0,0.875,0.75,0.5,1.25,13.875,14.75,4.625,5.75,11.375,8.875,3.5,2.125,3,3,7,11,1.0,1.5,0.75,0.0,15.0,10.5,11.5,7.5,4.5,3.75,3.0,1.0,1.0,2.25,0.25,0.75,0.25,0.0,0.5,0.0,1.604651163,1.406976744
87,Sheffield United,Man United,9,0.125,1.5,-11,20,10,10,0.0,0.5,0.125,0.0,0.875,0.5,0.75,1.125,2.75,1.5,-2.0,-0.375,8.875,16.25,3.0,5.0,22.0,13.375,8.375,4.75,0,0,1,6,0.75,0.5,3.25,1.25,9.0,10.75,23.0,11.5,3.0,3.0,9.5,3.75,0.25,0.75,0.0,0.25,0.25,0.0,0.75,0.5,1.609195402,1.413793103
88,Aston Villa,West Ham,9,2.0,1.75,2,5,7,-2,0.625,0.5,0.125,0.25,0.25,0.25,2.375,1.875,1.5,1.5,0.875,0.375,15.25,11.375,5.875,4.25,10.875,18.625,4.25,5.875,3,3,12,9,3.25,1.75,0.5,1.5,12.0,12.0,6.5,19.25,5.25,3.25,2.0,5.75,2.25,1.75,0.75,0.5,0.0,0.25,0.0,0.25,1.602272727,1.420454545
89,Tottenham,Fulham,9,2.5,1.375,9,1,12,-11,0.75,0.375,0.25,0.25,0.0,0.375,2.25,1.0,1.0,1.625,1.25,-0.625,19.0,10.75,6.875,3.375,13.0,11.5,4.5,5.5,3,0,13,5,1.5,1.0,0.5,1.75,17.25,8.25,10.25,13.0,6.0,3.5,3.75,7.0,2.25,1.25,0.75,0.25,0.0,0.5,0.0,0.25,1.629213483,1.415730337
90,Crystal Palace,Tottenham,10,1.3333333333333333,2.5555555555555554,-11,11,1,10,0.3333333333333333,0.7777777777777778,0.3333333333333333,0.2222222222222222,0.3333333333333333,0.0,0.7777777777777778,2.2222222222222223,1.2222222222222223,0.8888888888888888,-0.4444444444444444,1.3333333333333333,12.777777777777779,18.555555555555557,4.333333333333333,6.666666666666667,13.0,12.666666666666666,3.888888888888889,4.333333333333333,1,3,8,13,0.6666666666666666,2.6666666666666665,0.6666666666666666,1.3333333333333333,10.0,18.444444444444443,11.555555555555555,14.0,4.0,6.888888888888889,3.7777777777777777,4.666666666666667,1.1111111111111112,2.4444444444444446,0.2222222222222222,0.6666666666666666,0.4444444444444444,0.4444444444444444,0.2222222222222222,0.0,1.633333333,1.4
91,Chelsea,Brentford,10,1.3333333333333333,1.1111111111111112,2,10,14,-4,0.3333333333333333,0.2222222222222222,0.3333333333333333,0.4444444444444444,0.3333333333333333,0.3333333333333333,1.4444444444444444,1.5555555555555556,1.0,1.3333333333333333,0.4444444444444444,0.2222222222222222,13.555555555555555,15.11111111111111,4.666666666666667,4.888888888888889,11.555555555555555,12.777777777777779,3.4444444444444446,4.0,3,0,7,2,1.3333333333333333,1.1111111111111112,1.1111111111111112,0.8888888888888888,15.777777777777779,12.666666666666666,13.11111111111111,10.222222222222221,5.111111111111111,4.0,3.3333333333333335,2.888888888888889,1.1111111111111112,0.8888888888888888,0.2222222222222222,0.2222222222222222,0.4444444444444444,0.2222222222222222,0.4444444444444444,0.4444444444444444,1.626373626,1.406593407
92,Arsenal,Sheffield United,10,2.3333333333333335,0.1111111111111111,20,3,20,-17,0.6666666666666666,0.0,0.3333333333333333,0.1111111111111111,0.0,0.8888888888888888,2.0,0.7777777777777778,0.8888888888888888,2.6666666666666665,1.1111111111111112,-1.8888888888888888,14.555555555555555,9.222222222222221,5.444444444444445,3.3333333333333335,9.11111111111111,21.11111111111111,2.4444444444444446,8.0,3,0,13,1,2.2222222222222223,0.6666666666666666,1.3333333333333333,2.0,16.88888888888889,7.777777777777778,9.11111111111111,18.666666666666668,6.888888888888889,2.6666666666666665,2.888888888888889,6.444444444444445,2.4444444444444446,0.0,0.6666666666666666,0.0,0.4444444444444444,0.0,0.0,0.8888888888888888,1.608695652,1.413043478
93,Bournemouth,Burnley,10,0.3333333333333333,0.4444444444444444,-1,19,18,1,0.0,0.1111111111111111,0.3333333333333333,0.1111111111111111,0.6666666666666666,0.7777777777777778,0.6666666666666666,0.7777777777777778,2.2222222222222223,2.5555555555555554,-1.5555555555555556,-1.7777777777777777,11.222222222222221,10.11111111111111,3.888888888888889,2.6666666666666665,18.555555555555557,16.444444444444443,6.555555555555555,6.444444444444445,0,0,2,1,0.4444444444444444,0.6666666666666666,2.0,1.5555555555555556,11.777777777777779,8.444444444444445,18.22222222222222,16.666666666666668,3.7777777777777777,2.2222222222222223,6.666666666666667,5.555555555555555,0.4444444444444444,0.8888888888888888,0.0,0.2222222222222222,0.4444444444444444,0.2222222222222222,0.6666666666666666,0.4444444444444444,1.64516129,1.397849462
94,Wolves,Newcastle,10,1.2222222222222223,1.7777777777777777,-5,12,6,6,0.3333333333333333,0.5555555555555556,0.2222222222222222,0.1111111111111111,0.4444444444444444,0.3333333333333333,1.2222222222222223,2.6666666666666665,1.6666666666666667,1.0,-0.4444444444444444,1.6666666666666667,11.88888888888889,14.11111111111111,3.6666666666666665,6.555555555555555,16.22222222222222,11.555555555555555,6.111111111111111,3.4444444444444446,1,1,5,10,1.1111111111111112,2.4444444444444446,2.0,1.3333333333333333,8.444444444444445,10.666666666666666,16.22222222222222,9.555555555555555,2.4444444444444446,4.666666666666667,5.777777777777778,3.111111111111111,0.8888888888888888,0.8888888888888888,0.2222222222222222,0.2222222222222222,0.2222222222222222,0.2222222222222222,0.4444444444444444,0.4444444444444444,1.64893617,1.393617021
95,West Ham,Everton,10,1.5555555555555556,0.7777777777777778,7,9,16,-7,0.4444444444444444,0.2222222222222222,0.2222222222222222,0.1111111111111111,0.3333333333333333,0.6666666666666666,1.7777777777777777,1.0,1.7777777777777777,1.5555555555555556,0.0,-0.5555555555555556,11.666666666666666,15.444444444444445,4.222222222222222,5.0,18.22222222222222,13.0,6.0,4.111111111111111,1,3,7,7,1.7777777777777777,1.1111111111111112,1.3333333333333333,2.0,9.555555555555555,10.88888888888889,16.0,14.222222222222221,4.666666666666667,3.3333333333333335,5.333333333333333,5.111111111111111,1.5555555555555556,0.8888888888888888,0.4444444444444444,0.2222222222222222,0.2222222222222222,0.2222222222222222,0.2222222222222222,0.4444444444444444,1.652631579,1.4
96,Aston Villa,Luton,10,2.111111111111111,0.5555555555555556,14,5,17,-12,0.6666666666666666,0.1111111111111111,0.1111111111111111,0.2222222222222222,0.2222222222222222,0.6666666666666666,2.5555555555555554,0.8888888888888888,1.4444444444444444,1.8888888888888888,1.1111111111111112,-1.0,15.222222222222221,12.777777777777779,6.0,2.4444444444444446,11.222222222222221,15.777777777777779,4.222222222222222,5.444444444444445,1,0,10,4,3.7777777777777777,1.1111111111111112,0.6666666666666666,2.4444444444444446,14.0,10.88888888888889,8.88888888888889,22.444444444444443,6.222222222222222,2.6666666666666665,2.6666666666666665,7.777777777777778,2.6666666666666665,0.8888888888888888,0.8888888888888888,0.2222222222222222,0.0,0.2222222222222222,0.0,0.6666666666666666,1.635416667,1.395833333
97,Brighton,Fulham,10,1.7777777777777777,1.2222222222222223,5,7,13,-6,0.5555555555555556,0.3333333333333333,0.1111111111111111,0.2222222222222222,0.3333333333333333,0.4444444444444444,2.4444444444444446,0.8888888888888888,2.0,1.6666666666666667,0.4444444444444444,-0.7777777777777778,15.11111111111111,10.666666666666666,6.333333333333333,3.3333333333333335,12.777777777777779,11.88888888888889,4.444444444444445,5.444444444444445,1,3,10,7,2.888888888888889,0.8888888888888888,1.7777777777777777,2.0,20.88888888888889,9.555555555555555,12.444444444444445,14.88888888888889,7.777777777777778,3.7777777777777777,3.5555555555555554,7.333333333333333,2.2222222222222223,1.1111111111111112,0.6666666666666666,0.2222222222222222,0.2222222222222222,0.4444444444444444,0.2222222222222222,0.4444444444444444,1.649484536,1.391752577
98,Liverpool,Nott'm Forest,10,2.2222222222222223,1.1111111111111112,10,4,15,-11,0.6666666666666666,0.2222222222222222,0.2222222222222222,0.4444444444444444,0.1111111111111111,0.3333333333333333,2.2222222222222223,1.1111111111111112,1.0,1.3333333333333333,1.2222222222222223,-0.2222222222222222,17.22222222222222,11.444444444444445,5.111111111111111,3.7777777777777777,13.444444444444445,13.0,4.222222222222222,4.333333333333333,1,1,10,6,2.4444444444444446,0.8888888888888888,0.4444444444444444,1.5555555555555556,20.22222222222222,10.666666666666666,8.666666666666666,15.333333333333334,6.0,3.7777777777777777,2.888888888888889,5.333333333333333,2.6666666666666665,0.8888888888888888,0.8888888888888888,0.2222222222222222,0.0,0.2222222222222222,0.0,0.6666666666666666,1.642857143,1.387755102
99,Man United,Man City,10,1.6666666666666667,2.3333333333333335,-6,8,2,6,0.5555555555555556,0.7777777777777778,0.0,0.0,0.4444444444444444,0.2222222222222222,1.2222222222222223,2.111111111111111,1.4444444444444444,0.7777777777777778,-0.2222222222222222,1.3333333333333333,16.0,15.666666666666666,5.0,6.666666666666667,13.222222222222221,6.777777777777778,4.888888888888889,2.2222222222222223,3,0,6,9,1.5555555555555556,2.0,1.5555555555555556,1.1111111111111112,19.333333333333332,22.88888888888889,13.555555555555555,7.333333333333333,6.222222222222222,9.11111111111111,5.111111111111111,2.0,2.0,2.0,0.6666666666666666,0.6666666666666666,0.0,0.0,0.4444444444444444,0.4444444444444444,1.656565657,1.373737374
100,Fulham,Man United,11,1.2,1.5,-3,14,8,6,0.3,0.5,0.3,0.0,0.4,0.5,0.9,1.1,1.6,1.6,-0.7,-0.5,10.6,15.1,3.5,4.8,12.5,14.0,5.6,5.4,0,3,7,9,0.8,0.8,1.2,1.2,10.6,11.4,8.0,11.6,2.6,3.4,3.2,4.2,1.2,1.2,0.4,0.4,0.0,0.0,0.4,0.4,1.64,1.39
101,Brentford,West Ham,11,1.3,1.4,-1,10,9,1,0.3,0.4,0.4,0.2,0.3,0.4,1.6,1.6,1.2,1.7,0.4,-0.1,14.3,11.7,4.9,4.0,13.2,17.4,3.8,5.8,3,0,4,4,1.8,1.6,1.6,2.0,15.8,12.4,13.8,18.4,5.2,3.4,4.6,6.0,1.2,1.4,0.2,0.4,0.6,0.2,0.2,0.4,1.623762376,1.386138614
102,Burnley,Crystal Palace,11,0.4,1.2,-8,19,13,6,0.1,0.3,0.1,0.3,0.8,0.4,0.8,0.8,2.5,1.3,-1.7,-0.5,9.7,12.8,2.7,4.2,16.1,12.7,6.4,3.6,0,0,1,5,0.8,0.8,3.2,1.6,10.6,14.0,14.6,13.0,2.8,4.2,6.6,3.6,0.0,1.4,0.0,0.4,0.0,0.2,1.0,0.4,1.637254902,1.392156863
103,Everton,Brighton,11,1.0,1.7,-7,15,7,8,0.3,0.5,0.1,0.2,0.6,0.3,1.0,2.3,1.4,1.9,-0.4,0.4,14.9,15.4,4.9,6.4,12.9,12.5,3.9,4.5,0,0,6,7,0.8,1.8,1.0,2.0,18.0,8.4,10.6,11.8,6.0,4.4,2.8,4.8,0.6,1.2,0.2,0.4,0.0,0.0,0.8,0.4,1.621359223,1.398058252
104,Man City,Bournemouth,11,2.4,0.6,18,3,17,-14,0.8,0.1,0.0,0.3,0.2,0.6,2.2,0.8,0.7,2.1,1.5,-1.3,16.2,11.4,7.0,4.1,6.8,17.3,2.3,6.2,3,0,9,1,2.0,0.8,0.4,2.2,7.6,9.6,5.6,17.0,3.8,3.6,2.2,5.8,2.4,0.2,0.8,0.0,0.0,0.2,0.0,0.6,1.615384615,1.394230769
105,Sheffield United,Wolves,11,0.1,1.2,-11,20,12,8,0.0,0.3,0.1,0.3,0.9,0.4,0.7,1.3,2.9,1.7,-2.2,-0.4,8.5,11.8,3.0,3.9,20.3,15.9,8.0,6.0,0,3,0,8,0.8,1.2,3.0,1.2,9.6,13.8,21.2,14.6,3.6,4.4,8.6,5.8,0.2,1.4,0.0,0.4,0.2,0.2,0.8,0.4,1.657142857,1.39047619
106,Newcastle,Arsenal,11,1.7,2.4,-7,6,2,4,0.5,0.7,0.2,0.3,0.3,0.0,2.6,2.3,1.1,0.8,1.5,1.5,14.0,14.4,6.4,5.7,11.5,8.4,3.7,2.2,3,1,13,11,2.6,1.6,0.6,0.4,15.8,11.0,12.2,8.2,7.6,3.6,3.4,1.8,2.4,2.0,0.8,0.6,0.0,0.2,0.2,0.0,1.660377358,1.386792453
107,Nott'm Forest,Aston Villa,11,1.0,2.2,-12,16,5,11,0.2,0.7,0.4,0.1,0.4,0.2,1.0,2.6,1.5,1.4,-0.5,1.2,11.2,15.4,3.5,6.0,13.8,10.8,4.7,3.9,1,3,4,13,1.2,1.2,1.0,2.0,11.0,14.8,9.6,12.2,3.4,5.2,3.0,5.2,1.2,1.4,0.2,0.4,0.6,0.2,0.0,0.4,1.654205607,1.373831776
108,Luton,Liverpool,11,0.5,2.3,-18,18,4,14,0.1,0.7,0.2,0.2,0.7,0.1,0.9,2.3,2.0,0.9,-1.1,1.4,12.2,17.6,2.3,5.4,15.9,13.0,5.5,3.9,1,3,5,10,0.6,1.8,1.2,1.4,13.2,12.8,8.2,16.4,2.0,3.8,2.8,5.0,0.2,1.6,0.0,0.4,0.2,0.4,0.6,0.2,1.657407407,1.361111111
109,Tottenham,Chelsea,11,2.6,1.2,14,1,11,-10,0.8,0.3,0.2,0.3,0.0,0.4,2.2,1.3,0.9,1.1,1.3,0.2,17.7,13.9,6.1,4.4,12.7,11.1,4.2,3.6,3,1,13,8,1.6,1.4,0.4,0.8,16.8,10.2,10.2,9.0,5.8,3.8,3.6,3.2,2.4,1.4,0.8,0.4,0.0,0.2,0.0,0.2,1.651376147,1.357798165
110,Wolves,Tottenham,12,1.0909090909090908,2.3636363636363638,-14,14,2,12,0.2727272727272727,0.7272727272727273,0.2727272727272727,0.18181818181818182,0.45454545454545453,0.09090909090909091,1.2727272727272727,2.090909090909091,1.7272727272727273,1.1818181818181819,-0.45454545454545453,0.9090909090909091,11.636363636363637,16.818181818181817,3.8181818181818183,6.0,15.454545454545455,13.090909090909092,5.636363636363637,4.545454545454546,1,3,9,13,1.2727272727272727,2.5454545454545454,2.0,1.2727272727272727,8.909090909090908,16.90909090909091,15.636363636363637,13.818181818181818,3.090909090909091,5.818181818181818,5.636363636363637,4.363636363636363,0.9090909090909091,2.5454545454545454,0.18181818181818182,0.7272727272727273,0.36363636363636365,0.36363636363636365,0.36363636363636365,0.0,1.645454545,1.381818182
111,Arsenal,Burnley,12,2.1818181818181817,0.36363636363636365,20,4,19,-15,0.6363636363636364,0.09090909090909091,0.2727272727272727,0.09090909090909091,0.09090909090909091,0.8181818181818182,2.090909090909091,0.7272727272727273,0.8181818181818182,2.4545454545454546,1.2727272727272727,-1.7272727272727273,14.363636363636363,10.363636363636363,5.2727272727272725,2.909090909090909,8.454545454545455,15.0,2.1818181818181817,6.090909090909091,3,0,11,0,2.727272727272727,0.7272727272727273,1.0909090909090908,1.6363636363636365,16.181818181818183,8.0,7.818181818181818,16.0,7.090909090909091,2.3636363636363638,2.3636363636363638,5.636363636363637,2.5454545454545454,0.7272727272727273,0.7272727272727273,0.18181818181818182,0.36363636363636365,0.18181818181818182,0.0,0.5454545454545454,1.648648649,1.378378378
112,Crystal Palace,Everton,12,1.3636363636363635,1.0,4,11,16,-5,0.36363636363636365,0.2727272727272727,0.2727272727272727,0.18181818181818182,0.36363636363636365,0.5454545454545454,0.9090909090909091,1.0,1.1818181818181819,1.3636363636363635,-0.2727272727272727,-0.36363636363636365,12.0,14.454545454545455,4.090909090909091,4.818181818181818,13.090909090909092,12.363636363636363,3.727272727272727,3.727272727272727,0,3,5,9,0.7272727272727273,1.0909090909090908,0.9090909090909091,1.6363636363636365,10.545454545454545,10.727272727272727,11.272727272727273,13.818181818181818,3.8181818181818183,3.4545454545454546,3.272727272727273,4.545454545454546,0.9090909090909091,1.2727272727272727,0.18181818181818182,0.36363636363636365,0.36363636363636365,0.18181818181818182,0.36363636363636365,0.36363636363636365,1.660714286,1.375
113,Man United,Luton,12,1.6363636363636365,0.5454545454545454,12,8,17,-9,0.5454545454545454,0.09090909090909091,0.0,0.2727272727272727,0.45454545454545453,0.6363636363636364,1.0909090909090908,0.9090909090909091,1.4545454545454546,1.9090909090909092,-0.36363636363636365,-1.0,14.818181818181818,11.818181818181818,4.818181818181818,2.5454545454545454,14.363636363636363,16.636363636363637,5.181818181818182,5.545454545454546,0,0,9,5,1.2727272727272727,1.0909090909090908,1.8181818181818181,2.5454545454545454,17.09090909090909,10.181818181818182,14.909090909090908,21.454545454545453,5.636363636363637,2.3636363636363638,6.0,7.454545454545454,1.6363636363636365,0.7272727272727273,0.5454545454545454,0.18181818181818182,0.0,0.18181818181818182,0.5454545454545454,0.7272727272727273,1.663716814,1.389380531
114,Bournemouth,Newcastle,12,0.5454545454545454,1.8181818181818181,-14,18,6,12,0.09090909090909091,0.5454545454545454,0.2727272727272727,0.18181818181818182,0.6363636363636364,0.2727272727272727,0.8181818181818182,2.4545454545454546,2.4545454545454546,1.0,-1.6363636363636365,1.4545454545454546,10.818181818181818,13.545454545454545,3.8181818181818183,6.0,17.636363636363637,11.727272727272727,6.363636363636363,3.4545454545454546,3,1,3,11,0.7272727272727273,2.3636363636363638,1.8181818181818181,1.4545454545454546,12.0,11.090909090909092,16.0,9.818181818181818,4.181818181818182,4.7272727272727275,6.0,3.6363636363636362,0.9090909090909091,0.9090909090909091,0.18181818181818182,0.18181818181818182,0.36363636363636365,0.36363636363636365,0.5454545454545454,0.36363636363636365,1.657894737,1.377192982
115,Aston Villa,Fulham,12,2.0,1.0909090909090908,10,5,15,-10,0.6363636363636364,0.2727272727272727,0.09090909090909091,0.2727272727272727,0.2727272727272727,0.45454545454545453,2.3636363636363638,0.8181818181818182,1.4545454545454546,1.5454545454545454,0.9090909090909091,-0.7272727272727273,15.181818181818182,11.272727272727273,5.7272727272727275,3.4545454545454546,10.272727272727273,12.454545454545455,3.8181818181818183,5.545454545454546,3,1,13,5,3.6363636363636362,0.9090909090909091,0.7272727272727273,1.8181818181818181,14.545454545454545,9.636363636363637,8.545454545454545,15.454545454545455,6.181818181818182,4.0,2.3636363636363638,7.2727272727272725,2.727272727272727,1.0909090909090908,0.9090909090909091,0.18181818181818182,0.0,0.5454545454545454,0.0,0.36363636363636365,1.660869565,1.365217391
116,Brighton,Sheffield United,12,1.6363636363636365,0.36363636363636365,14,7,20,-13,0.45454545454545453,0.09090909090909091,0.2727272727272727,0.09090909090909091,0.2727272727272727,0.8181818181818182,2.1818181818181817,0.8181818181818182,1.8181818181818181,2.727272727272727,0.36363636363636365,-1.9090909090909092,14.636363636363637,8.727272727272727,6.0,2.909090909090909,12.272727272727273,19.363636363636363,4.454545454545454,7.545454545454546,1,0,5,0,2.5454545454545454,0.5454545454545454,1.6363636363636365,2.5454545454545454,20.363636363636363,6.7272727272727275,12.0,17.636363636363637,7.636363636363637,2.1818181818181817,3.8181818181818183,6.7272727272727275,2.0,0.0,0.5454545454545454,0.0,0.36363636363636365,0.0,0.18181818181818182,0.9090909090909091,1.672413793,1.362068966
117,Liverpool,Brentford,12,2.1818181818181817,1.4545454545454546,8,3,9,-6,0.6363636363636364,0.36363636363636365,0.2727272727272727,0.36363636363636365,0.09090909090909091,0.2727272727272727,2.1818181818181817,1.7272727272727273,0.9090909090909091,1.2727272727272727,1.2727272727272727,0.45454545454545453,18.181818181818183,14.454545454545455,5.454545454545454,4.818181818181818,12.545454545454545,13.090909090909092,4.0,3.6363636363636362,3,3,10,7,2.5454545454545454,1.2727272727272727,0.36363636363636365,0.7272727272727273,20.363636363636363,11.636363636363637,8.727272727272727,11.454545454545455,6.363636363636363,4.181818181818182,2.5454545454545454,2.727272727272727,2.727272727272727,1.2727272727272727,0.9090909090909091,0.36363636363636365,0.0,0.18181818181818182,0.0,0.36363636363636365,1.666666667,1.358974359
118,West Ham,Nott'm Forest,12,1.2727272727272727,1.1818181818181819,1,12,13,-1,0.36363636363636365,0.2727272727272727,0.18181818181818182,0.36363636363636365,0.45454545454545453,0.36363636363636365,1.6363636363636365,1.0909090909090908,1.8181818181818181,1.3636363636363635,-0.18181818181818182,-0.2727272727272727,11.727272727272727,10.636363636363637,3.8181818181818183,3.4545454545454546,17.272727272727273,13.727272727272727,5.636363636363637,4.545454545454546,0,0,4,3,1.4545454545454546,0.7272727272727273,1.2727272727272727,1.8181818181818181,10.0,10.363636363636363,14.909090909090908,16.363636363636363,4.181818181818182,3.272727272727273,5.090909090909091,5.818181818181818,1.2727272727272727,0.7272727272727273,0.36363636363636365,0.18181818181818182,0.18181818181818182,0.18181818181818182,0.36363636363636365,0.7272727272727273,1.677966102,1.347457627
119,Chelsea,Man City,12,1.3636363636363635,2.4545454545454546,-12,10,1,9,0.36363636363636365,0.8181818181818182,0.2727272727272727,0.0,0.36363636363636365,0.18181818181818182,1.5454545454545454,2.5454545454545454,1.0909090909090908,0.7272727272727273,0.45454545454545453,1.8181818181818181,14.181818181818182,16.636363636363637,4.7272727272727275,7.090909090909091,10.818181818181818,6.636363636363637,3.727272727272727,2.1818181818181817,0,3,7,9,1.0909090909090908,2.1818181818181817,1.2727272727272727,0.9090909090909091,16.0,22.545454545454547,12.0,7.2727272727272725,4.545454545454546,9.272727272727273,3.6363636363636362,2.1818181818181817,0.9090909090909091,2.1818181818181817,0.18181818181818182,0.7272727272727273,0.36363636363636365,0.0,0.5454545454545454,0.36363636363636365,1.68907563,1.352941176
120,Man City,Liverpool,13,2.3333333333333335,2.25,1,1,2,-1,0.75,0.6666666666666666,0.08333333333333333,0.25,0.16666666666666666,0.08333333333333333,2.6666666666666665,2.25,1.0,0.8333333333333334,1.6666666666666667,1.4166666666666667,16.5,18.083333333333332,7.333333333333333,5.833333333333333,7.5,12.833333333333334,2.75,3.9166666666666665,3,1,9,8,2.6666666666666665,1.6666666666666667,0.5,1.3333333333333333,9.833333333333334,14.666666666666666,5.5,15.0,4.5,4.166666666666667,2.0,5.0,2.5,1.5,0.8333333333333334,0.3333333333333333,0.0,0.5,0.0,0.16666666666666666,1.708333333,1.375
121,Burnley,West Ham,13,0.3333333333333333,1.4166666666666667,-13,20,9,11,0.08333333333333333,0.4166666666666667,0.08333333333333333,0.16666666666666666,0.8333333333333334,0.4166666666666667,0.75,1.75,2.5,1.8333333333333333,-1.75,-0.08333333333333333,10.166666666666666,12.083333333333334,3.0833333333333335,4.0,15.083333333333334,16.666666666666668,6.083333333333333,5.583333333333333,0,0,0,4,0.6666666666666666,1.6666666666666667,3.0,2.1666666666666665,11.666666666666666,12.333333333333334,12.833333333333334,18.0,3.1666666666666665,3.1666666666666665,6.0,5.666666666666667,0.0,1.1666666666666667,0.0,0.3333333333333333,0.0,0.16666666666666666,1.0,0.5,1.702479339,1.371900826
122,Luton,Crystal Palace,13,0.5,1.25,-9,18,13,5,0.08333333333333333,0.3333333333333333,0.25,0.25,0.6666666666666666,0.4166666666666667,0.8333333333333334,1.0,1.8333333333333333,1.3333333333333333,-1.0,-0.3333333333333333,11.666666666666666,12.083333333333334,2.6666666666666665,4.083333333333333,16.5,12.666666666666666,5.416666666666667,3.75,1,3,5,7,0.6666666666666666,1.0,1.1666666666666667,1.3333333333333333,12.333333333333334,12.333333333333334,10.833333333333334,13.666666666666666,2.5,4.0,3.3333333333333335,3.8333333333333335,0.3333333333333333,1.6666666666666667,0.0,0.5,0.3333333333333333,0.16666666666666666,0.5,0.3333333333333333,1.696721311,1.37704918
123,Newcastle,Chelsea,13,1.6666666666666667,1.3333333333333333,4,7,10,-3,0.5,0.3333333333333333,0.16666666666666666,0.3333333333333333,0.3333333333333333,0.3333333333333333,2.25,1.75,1.0833333333333333,1.3333333333333333,1.1666666666666667,0.4166666666666667,13.083333333333334,14.416666666666666,5.916666666666667,5.083333333333333,12.333333333333334,11.166666666666666,4.0,4.25,3,3,11,10,2.3333333333333335,1.8333333333333333,0.5,0.8333333333333334,14.666666666666666,11.333333333333334,12.5,8.833333333333334,6.666666666666667,4.5,3.0,3.5,2.5,1.6666666666666667,0.8333333333333334,0.5,0.0,0.16666666666666666,0.16666666666666666,0.16666666666666666,1.699186992,1.37398374
124,Nott'm Forest,Brighton,13,1.0833333333333333,1.5833333333333333,-6,15,8,7,0.25,0.4166666666666667,0.3333333333333333,0.3333333333333333,0.4166666666666667,0.25,1.1666666666666667,2.0833333333333335,1.5,1.75,-0.3333333333333333,0.3333333333333333,10.583333333333334,14.333333333333334,3.5833333333333335,6.0,13.916666666666666,12.0,4.666666666666667,4.166666666666667,3,1,6,3,1.3333333333333333,1.6666666666666667,0.8333333333333334,1.8333333333333333,10.0,8.166666666666666,10.166666666666666,11.5,3.3333333333333335,4.0,3.0,4.666666666666667,1.5,1.1666666666666667,0.3333333333333333,0.3333333333333333,0.5,0.16666666666666666,0.0,0.3333333333333333,1.717741935,1.370967742
125,Sheffield United,Bournemouth,13,0.4166666666666667,0.75,-4,19,17,2,0.08333333333333333,0.16666666666666666,0.16666666666666666,0.25,0.75,0.5833333333333334,0.8333333333333334,0.9166666666666666,2.5833333333333335,2.25,-1.75,-1.3333333333333333,8.75,11.5,2.75,4.333333333333333,18.666666666666668,16.833333333333332,7.416666666666667,6.25,3,0,3,3,1.0,0.8333333333333334,2.6666666666666665,2.8333333333333335,9.833333333333334,8.833333333333334,19.333333333333332,17.666666666666668,3.3333333333333335,3.1666666666666665,7.666666666666667,6.166666666666667,0.6666666666666666,0.16666666666666666,0.16666666666666666,0.0,0.16666666666666666,0.16666666666666666,0.6666666666666666,0.6666666666666666,1.72,1.384
126,Brentford,Arsenal,13,1.3333333333333333,2.25,-11,11,3,8,0.3333333333333333,0.6666666666666666,0.3333333333333333,0.25,0.3333333333333333,0.08333333333333333,1.5833333333333333,2.1666666666666665,1.4166666666666667,0.8333333333333334,0.16666666666666666,1.3333333333333333,14.583333333333334,14.5,4.666666666666667,5.333333333333333,13.416666666666666,8.416666666666666,4.166666666666667,2.4166666666666665,3,0,10,10,2.0,1.3333333333333333,1.6666666666666667,0.5,15.833333333333334,11.5,13.5,8.333333333333334,5.0,3.1666666666666665,4.166666666666667,1.8333333333333333,1.5,1.6666666666666667,0.3333333333333333,0.5,0.5,0.16666666666666666,0.16666666666666666,0.16666666666666666,1.714285714,1.396825397
127,Tottenham,Aston Villa,13,2.1666666666666665,2.0833333333333335,1,4,5,-1,0.6666666666666666,0.6666666666666666,0.16666666666666666,0.08333333333333333,0.16666666666666666,0.25,2.0,2.4166666666666665,1.25,1.4166666666666667,0.75,1.0,15.916666666666666,14.916666666666666,5.666666666666667,5.75,13.416666666666666,10.166666666666666,4.5,3.9166666666666665,0,0,12,10,1.5,1.0,1.0,2.0,15.333333333333334,14.5,11.333333333333334,11.0,5.666666666666667,4.833333333333333,4.333333333333333,4.833333333333333,2.0,1.1666666666666667,0.6666666666666666,0.3333333333333333,0.0,0.16666666666666666,0.16666666666666666,0.5,1.700787402,1.393700787
128,Everton,Man United,13,1.1666666666666667,1.75,-7,14,6,8,0.3333333333333333,0.5833333333333334,0.16666666666666666,0.0,0.5,0.4166666666666667,1.1666666666666667,1.0833333333333333,1.4166666666666667,1.3333333333333333,-0.25,-0.25,13.916666666666666,14.833333333333334,4.75,4.75,12.416666666666666,14.0,3.75,5.083333333333333,1,3,7,9,0.8333333333333334,0.8333333333333334,1.0,1.0,16.666666666666668,11.5,10.0,12.666666666666666,5.666666666666667,3.6666666666666665,2.6666666666666665,4.0,0.6666666666666666,1.5,0.16666666666666666,0.5,0.16666666666666666,0.0,0.6666666666666666,0.3333333333333333,1.6953125,1.3984375
129,Fulham,Wolves,13,1.0,1.25,-3,16,12,4,0.25,0.3333333333333333,0.25,0.25,0.5,0.4166666666666667,0.8333333333333334,1.3333333333333333,1.6666666666666667,1.6666666666666667,-0.8333333333333334,-0.3333333333333333,11.083333333333334,12.083333333333334,3.5833333333333335,3.8333333333333335,12.416666666666666,14.666666666666666,5.583333333333333,5.333333333333333,0,0,4,8,0.6666666666666666,1.1666666666666667,1.1666666666666667,1.3333333333333333,11.833333333333334,13.166666666666666,8.666666666666666,14.0,2.6666666666666665,4.166666666666667,3.5,5.166666666666667,1.0,1.1666666666666667,0.3333333333333333,0.3333333333333333,0.0,0.16666666666666666,0.5,0.5,1.682170543,1.410852713
130,Arsenal,Wolves,14,2.3076923076923075,1.1538461538461537,15,1,12,-11,0.6923076923076923,0.3076923076923077,0.23076923076923078,0.23076923076923078,0.07692307692307693,0.46153846153846156,2.076923076923077,1.3846153846153846,0.7692307692307693,1.7692307692307692,1.3076923076923077,-0.38461538461538464,14.538461538461538,11.923076923076923,5.230769230769231,4.0,8.461538461538462,14.461538461538462,2.4615384615384617,5.384615384615385,3,3,10,8,2.769230769230769,1.3846153846153846,1.0769230769230769,1.6923076923076923,16.153846153846153,13.692307692307692,7.846153846153846,14.76923076923077,6.923076923076923,4.769230769230769,2.769230769230769,5.6923076923076925,2.6153846153846154,1.0769230769230769,0.7692307692307693,0.3076923076923077,0.3076923076923077,0.15384615384615385,0.0,0.6153846153846154,1.692307692,1.415384615
131,Brentford,Luton,14,1.2307692307692308,0.6923076923076923,7,11,18,-7,0.3076923076923077,0.15384615384615385,0.3076923076923077,0.23076923076923078,0.38461538461538464,0.6153846153846154,1.4615384615384615,0.9230769230769231,1.3846153846153846,1.7692307692307692,0.07692307692307693,-0.8461538461538461,14.153846153846153,11.384615384615385,4.538461538461538,2.6923076923076925,13.538461538461538,16.46153846153846,4.153846153846154,5.615384615384615,0,0,9,2,1.8461538461538463,0.9230769230769231,1.6923076923076923,2.3076923076923075,16.0,10.153846153846153,14.76923076923077,20.46153846153846,5.076923076923077,2.6153846153846154,4.461538461538462,6.923076923076923,1.3846153846153846,0.6153846153846154,0.3076923076923077,0.15384615384615385,0.46153846153846156,0.15384615384615385,0.3076923076923077,0.7692307692307693,1.694656489,1.41221374
132,Burnley,Sheffield United,14,0.3076923076923077,0.38461538461538464,-1,20,19,1,0.07692307692307693,0.07692307692307693,0.07692307692307693,0.15384615384615385,0.8461538461538461,0.7692307692307693,0.7692307692307693,0.8461538461538461,2.4615384615384617,2.6153846153846154,-1.6923076923076923,-1.7692307692307692,10.23076923076923,8.846153846153847,3.230769230769231,2.6923076923076925,14.76923076923077,19.0,5.846153846153846,7.6923076923076925,0,1,0,4,0.7692307692307693,0.6153846153846154,3.076923076923077,2.3076923076923075,12.461538461538462,7.076923076923077,13.538461538461538,16.615384615384617,3.6923076923076925,2.0,6.0,6.615384615384615,0.0,0.15384615384615385,0.0,0.0,0.0,0.15384615384615385,1.0769230769230769,0.7692307692307693,1.704545455,1.409090909
133,Nott'm Forest,Everton,14,1.0,1.0769230769230769,-1,16,15,1,0.23076923076923078,0.3076923076923077,0.3076923076923077,0.15384615384615385,0.46153846153846156,0.5384615384615384,1.2307692307692308,1.0769230769230769,1.6153846153846154,1.5384615384615385,-0.38461538461538464,-0.46153846153846156,11.153846153846153,14.692307692307692,3.6923076923076925,4.846153846153846,13.692307692307692,12.153846153846153,4.6923076923076925,3.769230769230769,0,3,5,10,1.5384615384615385,1.3846153846153846,1.2307692307692308,1.6923076923076923,12.0,10.307692307692308,11.076923076923077,13.692307692307692,3.8461538461538463,3.5384615384615383,3.5384615384615383,4.461538461538462,1.3846153846153846,1.5384615384615385,0.3076923076923077,0.46153846153846156,0.46153846153846156,0.15384615384615385,0.15384615384615385,0.3076923076923077,1.729323308,1.398496241
134,Newcastle,Man United,14,1.7692307692307692,1.8461538461538463,-1,7,6,1,0.5384615384615384,0.6153846153846154,0.15384615384615385,0.0,0.3076923076923077,0.38461538461538464,2.3846153846153846,1.2307692307692308,1.0769230769230769,1.2307692307692308,1.3076923076923077,0.0,13.153846153846153,14.384615384615385,5.846153846153846,4.6923076923076925,11.923076923076923,14.76923076923077,4.0,5.153846153846154,0,3,8,12,2.769230769230769,1.2307692307692308,0.6153846153846154,0.9230769230769231,15.692307692307692,12.0,12.615384615384615,15.384615384615385,6.923076923076923,4.0,3.3846153846153846,4.615384615384615,2.769230769230769,1.8461538461538463,0.9230769230769231,0.6153846153846154,0.0,0.0,0.15384615384615385,0.3076923076923077,1.71641791,1.395522388
135,Bournemouth,Aston Villa,14,0.9230769230769231,2.1538461538461537,-16,17,4,13,0.23076923076923078,0.6923076923076923,0.23076923076923078,0.07692307692307693,0.5384615384615384,0.23076923076923078,1.0769230769230769,2.3846153846153846,2.1538461538461537,1.3846153846153846,-1.0769230769230769,1.0,12.384615384615385,14.923076923076923,4.846153846153846,5.6923076923076925,16.307692307692307,10.76923076923077,5.923076923076923,4.230769230769231,3,3,6,10,0.9230769230769231,1.2307692307692308,1.5384615384615385,2.0,13.076923076923077,15.692307692307692,14.76923076923077,12.923076923076923,5.076923076923077,5.230769230769231,5.846153846153846,5.6923076923076925,1.2307692307692308,1.5384615384615385,0.3076923076923077,0.46153846153846156,0.3076923076923077,0.15384615384615385,0.46153846153846156,0.46153846153846156,1.711111111,1.385185185
136,Chelsea,Brighton,14,1.2307692307692308,1.6923076923076923,-6,10,8,2,0.3076923076923077,0.46153846153846156,0.3076923076923077,0.3076923076923077,0.38461538461538464,0.23076923076923078,1.6923076923076923,2.1538461538461537,1.5384615384615385,1.7692307692307692,0.15384615384615385,0.38461538461538464,13.846153846153847,14.076923076923077,5.0,5.923076923076923,11.384615384615385,12.461538461538462,4.3076923076923075,4.230769230769231,1,1,8,4,1.5384615384615385,2.0,1.6923076923076923,2.0,16.153846153846153,9.23076923076923,12.461538461538462,13.384615384615385,5.230769230769231,4.461538461538462,4.615384615384615,5.076923076923077,0.9230769230769231,1.5384615384615385,0.15384615384615385,0.46153846153846156,0.46153846153846156,0.15384615384615385,0.46153846153846156,0.3076923076923077,1.713235294,1.389705882
137,Liverpool,Fulham,14,2.1538461538461537,1.1538461538461537,13,3,14,-11,0.6153846153846154,0.3076923076923077,0.3076923076923077,0.23076923076923078,0.07692307692307693,0.46153846153846156,2.1538461538461537,1.0,0.8461538461538461,1.6923076923076923,1.3076923076923077,-0.6923076923076923,17.307692307692307,11.153846153846153,5.615384615384615,3.769230769230769,13.076923076923077,12.23076923076923,4.0,5.615384615384615,3,0,11,4,2.6153846153846154,0.9230769230769231,0.3076923076923077,2.0,19.846153846153847,9.538461538461538,9.846153846153847,14.923076923076923,6.923076923076923,4.153846153846154,2.6153846153846154,7.076923076923077,2.769230769230769,0.9230769230769231,0.9230769230769231,0.15384615384615385,0.0,0.46153846153846156,0.0,0.46153846153846156,1.722627737,1.394160584
138,West Ham,Crystal Palace,14,1.5384615384615385,1.1538461538461537,5,9,13,-4,0.46153846153846156,0.3076923076923077,0.15384615384615385,0.23076923076923078,0.38461538461538464,0.46153846153846156,1.7692307692307692,1.0,1.7692307692307692,1.3846153846153846,0.0,-0.38461538461538464,12.0,12.384615384615385,3.923076923076923,4.384615384615385,16.23076923076923,12.307692307692308,5.538461538461538,3.6923076923076925,3,0,4,4,1.6923076923076923,1.0769230769230769,1.3846153846153846,1.5384615384615385,10.923076923076923,13.846153846153847,14.153846153846153,13.846153846153847,4.461538461538462,4.923076923076923,5.076923076923077,4.0,1.5384615384615385,1.5384615384615385,0.46153846153846156,0.46153846153846156,0.15384615384615385,0.15384615384615385,0.3076923076923077,0.46153846153846156,1.739130435,1.405797101
139,Man City,Tottenham,14,2.230769230769231,2.0,3,2,5,-3,0.6923076923076923,0.6153846153846154,0.15384615384615385,0.15384615384615385,0.15384615384615385,0.23076923076923078,2.5384615384615383,1.9230769230769231,1.0,1.3076923076923077,1.5384615384615385,0.6153846153846154,16.46153846153846,16.076923076923077,7.153846153846154,5.846153846153846,7.538461538461538,13.538461538461538,2.769230769230769,4.538461538461538,1,0,10,9,2.6153846153846154,2.3076923076923075,0.6153846153846154,1.3846153846153846,11.538461538461538,15.23076923076923,6.3076923076923075,14.307692307692308,4.923076923076923,5.230769230769231,2.3076923076923075,4.3076923076923075,2.4615384615384617,2.1538461538461537,0.7692307692307693,0.6153846153846154,0.15384615384615385,0.3076923076923077,0.0,0.15384615384615385,1.73381295,1.402877698
140,Wolves,Burnley,15,1.0714285714285714,0.5,8,14,19,-5,0.2857142857142857,0.14285714285714285,0.21428571428571427,0.07142857142857142,0.5,0.7857142857142857,1.3571428571428572,1.0714285714285714,1.7857142857142858,2.2857142857142856,-0.42857142857142855,-1.2142857142857142,11.5,10.857142857142858,3.9285714285714284,3.5,14.785714285714286,14.142857142857142,5.428571428571429,5.642857142857143,0,0,7,0,1.2857142857142858,0.7142857142857143,1.7142857142857142,1.7142857142857142,9.428571428571429,7.428571428571429,13.142857142857142,14.857142857142858,3.0,2.5714285714285716,4.714285714285714,5.285714285714286,1.1428571428571428,0.5714285714285714,0.2857142857142857,0.14285714285714285,0.2857142857142857,0.14285714285714285,0.2857142857142857,0.5714285714285714,1.742857143,1.414285714
141,Luton,Arsenal,15,0.6428571428571429,2.357142857142857,-24,18,1,17,0.14285714285714285,0.7142857142857143,0.21428571428571427,0.21428571428571427,0.6428571428571429,0.07142857142857142,0.9285714285714286,2.0714285714285716,1.8571428571428572,0.7857142857142857,-0.9285714285714286,1.2857142857142858,11.071428571428571,14.857142857142858,2.5714285714285716,5.285714285714286,17.214285714285715,8.285714285714286,5.642857142857143,2.5,3,3,5,10,0.8571428571428571,1.2857142857142858,1.1428571428571428,0.42857142857142855,11.714285714285714,12.0,11.571428571428571,8.428571428571429,2.5714285714285716,3.2857142857142856,4.0,2.0,0.7142857142857143,1.8571428571428572,0.14285714285714285,0.5714285714285714,0.2857142857142857,0.14285714285714285,0.42857142857142855,0.14285714285714285,1.737588652,1.404255319
142,Brighton,Brentford,15,1.5714285714285714,1.3571428571428572,3,8,11,-3,0.42857142857142855,0.35714285714285715,0.2857142857142857,0.2857142857142857,0.2857142857142857,0.35714285714285715,2.142857142857143,1.5714285714285714,1.8571428571428572,1.3571428571428572,0.2857142857142857,0.21428571428571427,14.357142857142858,15.071428571428571,6.142857142857143,4.642857142857143,12.142857142857142,13.071428571428571,4.285714285714286,3.9285714285714284,3,0,6,9,2.142857142857143,1.0,1.4285714285714286,1.0,17.571428571428573,11.428571428571429,10.714285714285714,11.428571428571429,6.857142857142857,3.7142857142857144,3.142857142857143,3.5714285714285716,1.7142857142857142,1.0,0.42857142857142855,0.2857142857142857,0.42857142857142855,0.14285714285714285,0.14285714285714285,0.42857142857142855,1.746478873,1.422535211
143,Crystal Palace,Bournemouth,15,1.1428571428571428,0.9285714285714286,3,13,17,-4,0.2857142857142857,0.21428571428571427,0.2857142857142857,0.2857142857142857,0.42857142857142855,0.5,1.0,1.1428571428571428,1.3571428571428572,2.142857142857143,-0.35714285714285715,-1.0,12.142857142857142,12.571428571428571,4.214285714285714,5.0,12.071428571428571,15.928571428571429,3.642857142857143,5.714285714285714,0,3,3,9,0.8571428571428571,1.1428571428571428,1.1428571428571428,2.5714285714285716,10.142857142857142,10.857142857142858,10.0,16.571428571428573,3.5714285714285716,4.285714285714286,3.142857142857143,5.571428571428571,0.7142857142857143,0.5714285714285714,0.14285714285714285,0.14285714285714285,0.2857142857142857,0.14285714285714285,0.42857142857142855,0.5714285714285714,1.748251748,1.41958042
144,Fulham,Nott'm Forest,15,1.0714285714285714,0.9285714285714286,2,15,16,-1,0.2857142857142857,0.21428571428571427,0.21428571428571427,0.2857142857142857,0.5,0.5,1.1428571428571428,1.1428571428571428,1.8571428571428572,1.5714285714285714,-0.7142857142857143,-0.42857142857142855,11.0,11.285714285714286,3.857142857142857,3.5714285714285716,13.214285714285714,13.571428571428571,6.071428571428571,4.571428571428571,3,0,4,4,1.0,0.8571428571428571,1.2857142857142858,1.8571428571428572,11.857142857142858,9.571428571428571,8.857142857142858,15.142857142857142,3.142857142857143,3.2857142857142856,3.857142857142857,5.428571428571429,1.2857142857142858,0.5714285714285714,0.42857142857142855,0.14285714285714285,0.0,0.14285714285714285,0.42857142857142855,0.7142857142857143,1.736111111,1.423611111
145,Sheffield United,Liverpool,15,0.35714285714285715,2.2142857142857144,-26,20,2,18,0.07142857142857142,0.6428571428571429,0.14285714285714285,0.2857142857142857,0.7857142857142857,0.07142857142857142,0.7857142857142857,2.2857142857142856,2.7857142857142856,1.0,-2.0,1.2857142857142858,8.642857142857142,17.928571428571427,2.7142857142857144,6.071428571428571,19.0,12.785714285714286,7.642857142857143,4.071428571428571,0,1,4,11,1.0,1.5714285714285714,2.7142857142857144,1.2857142857142858,9.857142857142858,13.714285714285714,19.857142857142858,15.142857142857142,3.142857142857143,4.0,8.142857142857142,5.0,0.5714285714285714,1.4285714285714286,0.14285714285714285,0.2857142857142857,0.14285714285714285,0.5714285714285714,0.7142857142857143,0.14285714285714285,1.75862069,1.413793103
146,Aston Villa,Man City,15,2.0714285714285716,2.142857142857143,-1,4,3,1,0.6428571428571429,0.6428571428571429,0.14285714285714285,0.21428571428571427,0.21428571428571427,0.14285714285714285,2.357142857142857,2.5714285714285716,1.4285714285714286,1.1428571428571428,0.9285714285714286,1.4285714285714286,14.642857142857142,16.571428571428573,5.5,6.928571428571429,11.071428571428571,7.571428571428571,4.428571428571429,2.857142857142857,3,1,12,11,3.2857142857142856,2.2857142857142856,0.7142857142857143,1.2857142857142858,13.142857142857142,19.857142857142858,8.0,8.142857142857142,5.714285714285714,8.714285714285714,2.5714285714285716,3.0,2.5714285714285716,1.8571428571428572,0.8571428571428571,0.5714285714285714,0.0,0.14285714285714285,0.0,0.2857142857142857,1.746575342,1.417808219
147,Man United,Chelsea,15,1.7142857142857142,1.3571428571428572,5,7,10,-3,0.5714285714285714,0.35714285714285715,0.0,0.2857142857142857,0.42857142857142855,0.35714285714285715,1.1428571428571428,1.7857142857142858,1.2142857142857142,1.5714285714285714,-0.07142857142857142,0.21428571428571427,13.928571428571429,13.428571428571429,4.428571428571429,5.0,15.285714285714286,11.857142857142858,5.071428571428571,4.642857142857143,3,0,12,5,1.1428571428571428,1.7142857142857142,1.4285714285714286,1.2857142857142858,15.571428571428571,10.714285714285714,13.142857142857142,9.571428571428571,5.0,4.428571428571429,5.285714285714286,3.7142857142857144,1.7142857142857142,1.4285714285714286,0.5714285714285714,0.42857142857142855,0.0,0.14285714285714285,0.42857142857142855,0.2857142857142857,1.741496599,1.408163265
148,Everton,Newcastle,15,1.2142857142857142,1.8571428571428572,-9,12,6,6,0.35714285714285715,0.5714285714285714,0.14285714285714285,0.14285714285714285,0.5,0.2857142857142857,1.0714285714285714,2.2857142857142856,1.4285714285714286,1.0,-0.35714285714285715,1.2857142857142858,14.5,13.785714285714286,4.714285714285714,5.714285714285714,12.214285714285714,11.642857142857142,3.642857142857143,3.7857142857142856,0,3,7,10,0.7142857142857143,1.8571428571428572,1.2857142857142858,1.4285714285714286,17.714285714285715,9.857142857142858,9.857142857142858,10.428571428571429,5.714285714285714,4.428571428571429,2.857142857142857,4.285714285714286,0.5714285714285714,0.7142857142857143,0.14285714285714285,0.14285714285714285,0.14285714285714285,0.2857142857142857,0.7142857142857143,0.42857142857142855,1.743243243,1.405405405
149,Tottenham,West Ham,15,1.9285714285714286,1.5,6,5,9,-4,0.5714285714285714,0.42857142857142855,0.21428571428571427,0.21428571428571427,0.21428571428571427,0.35714285714285715,2.0,1.7142857142857142,1.4285714285714286,1.7142857142857142,0.5714285714285714,0.0,15.5,11.785714285714286,5.714285714285714,3.857142857142857,13.857142857142858,15.714285714285714,4.5,5.285714285714286,0,3,6,6,1.4285714285714286,1.7142857142857142,1.1428571428571428,2.0,15.714285714285714,12.142857142857142,11.857142857142858,17.0,6.0,3.142857142857143,4.428571428571429,5.571428571428571,1.7142857142857142,1.4285714285714286,0.5714285714285714,0.42857142857142855,0.0,0.14285714285714285,0.2857142857142857,0.42857142857142855,1.751677852,1.395973154
150,Crystal Palace,Liverpool,16,1.0666666666666667,2.2666666666666666,-18,15,2,13,0.26666666666666666,0.6666666666666666,0.26666666666666666,0.26666666666666666,0.4666666666666667,0.06666666666666667,0.9333333333333333,2.2666666666666666,1.4,0.9333333333333333,-0.4666666666666667,1.3333333333333333,12.4,17.733333333333334,4.133333333333334,6.2,12.0,12.333333333333334,3.6666666666666665,3.8666666666666667,1,3,4,11,0.8,1.7333333333333334,1.3333333333333333,1.2,11.6,14.8,10.8,14.933333333333334,3.7333333333333334,4.8,3.466666666666667,4.8,0.6666666666666666,1.7333333333333334,0.13333333333333333,0.4,0.26666666666666666,0.5333333333333333,0.5333333333333333,0.13333333333333333,1.746666667,1.4
151,Brighton,Burnley,16,1.6666666666666667,0.4666666666666667,18,8,19,-11,0.4666666666666667,0.13333333333333333,0.26666666666666666,0.06666666666666667,0.26666666666666666,0.8,2.1333333333333333,1.0,1.8,2.2,0.3333333333333333,-1.2,14.6,10.933333333333334,6.2,3.466666666666667,11.866666666666667,13.666666666666666,4.133333333333334,5.533333333333333,0,3,6,3,2.2666666666666666,0.6666666666666666,1.4666666666666666,1.7333333333333334,18.8,8.533333333333333,11.066666666666666,14.8,7.333333333333333,2.8,3.2,5.466666666666667,2.0,0.5333333333333333,0.5333333333333333,0.13333333333333333,0.4,0.13333333333333333,0.13333333333333333,0.6666666666666666,1.741721854,1.40397351
152,Man United,Bournemouth,16,1.8,1.0666666666666667,11,6,16,-10,0.6,0.26666666666666666,0.0,0.26666666666666666,0.4,0.4666666666666667,1.2,1.2,1.2,2.0,0.0,-0.8,14.866666666666667,12.466666666666667,4.733333333333333,4.933333333333334,15.133333333333333,15.933333333333334,4.933333333333334,5.533333333333333,0,1,9,10,1.3333333333333333,1.3333333333333333,1.4666666666666666,2.4,18.266666666666666,11.6,14.0,17.6,5.866666666666666,4.533333333333333,5.333333333333333,5.6,2.0,0.9333333333333333,0.6666666666666666,0.26666666666666666,0.0,0.13333333333333333,0.4,0.5333333333333333,1.736842105,1.401315789
153,Sheffield United,Brentford,16,0.3333333333333333,1.2666666666666666,-14,20,12,8,0.06666666666666667,0.3333333333333333,0.13333333333333333,0.26666666666666666,0.8,0.4,0.7333333333333333,1.5333333333333334,2.7333333333333334,1.4,-2.0,0.13333333333333333,8.466666666666667,14.6,2.6,4.466666666666667,18.733333333333334,13.4,7.666666666666667,4.133333333333334,0,3,4,9,0.9333333333333333,1.0666666666666667,2.8,1.2,10.0,11.733333333333333,20.533333333333335,13.066666666666666,3.066666666666667,3.7333333333333334,8.666666666666666,4.266666666666667,0.5333333333333333,0.9333333333333333,0.13333333333333333,0.26666666666666666,0.13333333333333333,0.13333333333333333,0.8,0.5333333333333333,1.725490196,1.411764706
154,Wolves,Nott'm Forest,16,1.2,0.8666666666666667,5,14,17,-3,0.3333333333333333,0.2,0.2,0.26666666666666666,0.4666666666666667,0.5333333333333333,1.3333333333333333,1.0666666666666667,1.6666666666666667,1.8,-0.3333333333333333,-0.7333333333333333,11.2,10.8,3.933333333333333,3.4,14.6,13.6,5.266666666666667,4.666666666666667,0,0,4,3,1.3333333333333333,0.8,1.6,2.4,9.733333333333333,9.466666666666667,13.866666666666667,16.0,3.3333333333333335,3.2,4.8,5.866666666666666,1.4666666666666666,0.5333333333333333,0.4,0.13333333333333333,0.26666666666666666,0.13333333333333333,0.26666666666666666,0.8,1.720779221,1.402597403
155,Aston Villa,Arsenal,16,2.1333333333333333,2.4,-4,3,1,2,0.6666666666666666,0.7333333333333333,0.13333333333333333,0.2,0.2,0.06666666666666667,2.2666666666666666,2.2,1.3333333333333333,0.9333333333333333,0.9333333333333333,1.2666666666666666,15.133333333333333,15.4,5.6,5.533333333333333,10.466666666666667,8.133333333333333,4.266666666666667,2.6,1,3,10,12,3.2,1.7333333333333334,0.6666666666666666,0.8,15.2,14.266666666666667,7.733333333333333,8.666666666666666,6.266666666666667,4.266666666666667,2.6666666666666665,2.4,2.8,2.1333333333333333,0.9333333333333333,0.6666666666666666,0.0,0.13333333333333333,0.0,0.13333333333333333,1.716129032,1.4
156,Everton,Chelsea,16,1.3333333333333333,1.2666666666666666,1,10,11,-1,0.4,0.3333333333333333,0.13333333333333333,0.26666666666666666,0.4666666666666667,0.4,1.2,1.7333333333333334,1.3333333333333333,1.6,-0.13333333333333333,0.13333333333333333,14.933333333333334,13.4,4.8,4.866666666666666,12.266666666666667,12.933333333333334,3.6,4.933333333333334,3,3,10,7,1.0666666666666667,1.7333333333333334,1.2,1.4666666666666666,19.333333333333332,11.733333333333333,10.933333333333334,12.666666666666666,6.133333333333334,4.533333333333333,3.066666666666667,4.666666666666667,0.9333333333333333,1.3333333333333333,0.26666666666666666,0.4,0.13333333333333333,0.13333333333333333,0.6666666666666666,0.4,1.711538462,1.391025641
157,Fulham,West Ham,16,1.2,1.6,-6,13,9,4,0.3333333333333333,0.4666666666666667,0.2,0.2,0.4666666666666667,0.3333333333333333,1.4,1.7333333333333334,1.7333333333333334,1.6666666666666667,-0.3333333333333333,0.06666666666666667,11.2,11.733333333333333,4.0,3.933333333333333,12.6,16.2,5.733333333333333,5.4,0,1,4,7,1.6,1.8666666666666667,1.2,2.0,12.933333333333334,12.8,8.8,18.933333333333334,3.7333333333333334,3.6,3.7333333333333334,6.133333333333334,1.6,1.7333333333333334,0.5333333333333333,0.5333333333333333,0.0,0.13333333333333333,0.4,0.4,1.713375796,1.382165605
158,Luton,Man City,16,0.6,2.0,-21,18,4,14,0.13333333333333333,0.6,0.2,0.2,0.6666666666666666,0.2,1.0666666666666667,2.4,2.0,1.1333333333333333,-0.9333333333333333,1.2666666666666666,10.733333333333333,15.6,2.6666666666666665,6.6,17.6,8.533333333333333,5.866666666666666,3.1333333333333333,0,1,4,9,1.2,2.1333333333333333,1.6,1.3333333333333333,11.733333333333333,18.8,13.866666666666667,10.533333333333333,2.933333333333333,8.4,4.933333333333334,3.7333333333333334,0.6666666666666666,1.7333333333333334,0.13333333333333333,0.5333333333333333,0.26666666666666666,0.13333333333333333,0.5333333333333333,0.4,1.734177215,1.373417722
159,Tottenham,Newcastle,16,1.8,1.7333333333333334,1,5,7,-2,0.5333333333333333,0.5333333333333333,0.2,0.13333333333333333,0.26666666666666666,0.3333333333333333,1.9333333333333333,2.1333333333333333,1.4666666666666666,1.1333333333333333,0.4666666666666667,1.0,16.0,13.733333333333333,5.8,5.533333333333333,13.666666666666666,12.266666666666667,4.533333333333333,3.933333333333333,1,3,4,10,1.4666666666666666,1.7333333333333334,1.3333333333333333,1.7333333333333334,17.733333333333334,10.933333333333334,12.533333333333333,12.533333333333333,6.533333333333333,4.533333333333333,4.8,4.8,1.6,0.6666666666666666,0.5333333333333333,0.13333333333333333,0.0,0.26666666666666666,0.4,0.5333333333333333,1.729559748,1.377358491
160,Nott'm Forest,Tottenham,17,0.875,1.875,-16,17,5,12,0.1875,0.5625,0.3125,0.1875,0.5,0.25,1.0625,2.0625,1.75,1.4375,-0.6875,0.625,10.625,16.4375,3.3125,6.1875,13.375,13.375,4.625,4.4375,0,0,3,1,1.25,2.25,1.125,1.5,11.375,13.375,10.5,13.875,3.375,4.75,3.25,4.0,1.125,1.875,0.25,0.5,0.375,0.375,0.25,0.125,1.74375,1.375
161,Chelsea,Sheffield United,17,1.1875,0.5,11,13,20,-7,0.3125,0.125,0.25,0.125,0.4375,0.75,1.625,0.75,1.625,2.5625,0.0,-1.8125,13.5625,8.5,4.8125,2.6875,12.6875,18.1875,4.9375,7.4375,0,0,7,4,1.625,0.5,1.625,2.5,14.125,6.5,12.375,15.875,4.875,2.0,4.875,6.25,1.125,0.125,0.25,0.0,0.375,0.125,0.375,0.75,1.732919255,1.378881988
162,Man City,Crystal Palace,17,2.0625,1.0,17,4,16,-12,0.625,0.25,0.1875,0.25,0.1875,0.5,2.375,0.9375,1.125,1.4375,1.25,-0.5,15.75,12.125,6.5625,4.125,8.25,12.125,3.0625,3.5625,0,0,6,4,2.5,1.0,0.875,1.375,11.625,12.375,6.125,12.375,4.5,4.25,2.375,3.625,2.125,1.375,0.625,0.375,0.25,0.25,0.0,0.375,1.734567901,1.37037037
163,Newcastle,Fulham,17,1.625,1.3125,5,7,11,-4,0.5,0.375,0.125,0.1875,0.375,0.4375,2.0625,1.625,1.3125,1.625,0.75,0.0,13.4375,11.375,5.375,4.25,12.9375,12.375,4.4375,5.6875,0,3,9,6,2.375,1.125,0.5,2.125,15.5,8.875,11.25,15.375,6.125,4.0,2.875,7.25,2.625,0.75,0.875,0.125,0.0,0.375,0.125,0.5,1.736196319,1.374233129
164,Burnley,Everton,17,0.5,1.4375,-15,19,10,9,0.125,0.4375,0.125,0.125,0.75,0.4375,1.0,1.25,2.125,1.25,-1.125,0.0,10.625,14.5625,3.4375,4.8125,14.625,12.5,5.875,3.625,0,3,3,10,1.25,1.25,2.5,1.375,12.5,9.875,11.75,12.75,3.875,3.25,5.25,3.875,0.375,1.625,0.125,0.5,0.0,0.125,0.875,0.25,1.743902439,1.365853659
165,Arsenal,Brighton,17,2.25,1.625,10,2,8,-6,0.6875,0.4375,0.1875,0.3125,0.125,0.25,2.0625,2.0625,0.9375,1.75,1.125,0.3125,15.1875,15.5,5.5,6.5,8.25,11.5,2.625,4.0625,3,3,12,8,2.5,1.875,1.0,2.0,15.5,9.75,7.125,11.875,6.375,4.75,2.625,4.75,2.5,1.25,0.75,0.375,0.25,0.125,0.0,0.375,1.733333333,1.36969697
166,Brentford,Aston Villa,17,1.1875,2.1875,-16,12,3,9,0.3125,0.6875,0.25,0.125,0.4375,0.1875,1.4375,2.1875,1.375,1.25,0.0625,0.9375,14.3125,14.8125,4.4375,5.4375,13.125,10.5625,4.125,4.3125,0,3,6,10,1.875,1.25,1.5,1.875,16.375,14.125,12.875,12.375,4.875,4.625,3.75,5.5,1.5,1.375,0.375,0.375,0.375,0.25,0.25,0.375,1.734939759,1.361445783
167,West Ham,Wolves,17,1.5,1.1875,5,9,14,-5,0.4375,0.3125,0.1875,0.25,0.375,0.4375,1.625,1.3125,1.875,1.625,-0.25,-0.3125,11.5625,11.125,4.0,3.9375,16.0625,14.1875,5.5625,5.0625,3,3,10,6,1.5,1.25,1.25,1.625,10.0,11.875,12.625,14.375,4.0,4.25,4.375,5.375,1.375,0.875,0.375,0.25,0.25,0.125,0.25,0.625,1.730538922,1.365269461
168,Liverpool,Man United,17,2.3125,1.6875,10,1,6,-5,0.6875,0.5625,0.25,0.0,0.0625,0.4375,2.25,1.125,0.9375,1.3125,1.3125,-0.1875,17.5,15.1875,5.9375,4.625,12.0625,14.8125,3.875,4.875,3,3,11,12,2.625,1.0,0.625,0.875,19.375,10.75,9.125,15.25,7.125,3.375,2.75,4.25,2.625,1.5,0.875,0.5,0.0,0.0,0.0,0.375,1.738095238,1.357142857
169,Crystal Palace,Brighton,18,0.9411764705882353,1.5294117647058822,-10,16,8,8,0.23529411764705882,0.4117647058823529,0.23529411764705882,0.29411764705882354,0.47058823529411764,0.23529411764705882,0.8823529411764706,1.9411764705882353,1.3529411764705883,1.6470588235294117,-0.47058823529411764,0.29411764705882354,11.411764705882353,14.588235294117647,3.8823529411764706,6.117647058823529,11.411764705882353,10.823529411764707,3.3529411764705883,3.823529411764706,0,3,4,8,0.8235294117647058,1.7647058823529411,1.411764705882353,2.1176470588235294,11.176470588235293,9.882352941176471,11.176470588235293,14.235294117647058,3.764705882352941,4.588235294117647,3.2941176470588234,5.529411764705882,0.5882352941176471,1.1764705882352942,0.11764705882352941,0.35294117647058826,0.23529411764705882,0.11764705882352941,0.5882352941176471,0.47058823529411764,1.727810651,1.349112426
170,Aston Villa,Sheffield United,18,2.235294117647059,0.47058823529411764,30,3,20,-17,0.7058823529411765,0.11764705882352941,0.11764705882352941,0.11764705882352941,0.17647058823529413,0.7647058823529411,2.176470588235294,0.7058823529411765,1.2352941176470589,2.5294117647058822,0.9411764705882353,-1.8235294117647058,14.823529411764707,8.352941176470589,5.411764705882353,2.588235294117647,10.176470588235293,18.0,4.235294117647059,7.352941176470588,3,3,13,4,2.9411764705882355,0.47058823529411764,0.5882352941176471,2.588235294117647,14.588235294117647,6.823529411764706,8.235294117647058,16.705882352941178,5.882352941176471,2.0,2.9411764705882355,6.588235294117647,2.823529411764706,0.11764705882352941,0.9411764705882353,0.0,0.0,0.11764705882352941,0.0,0.8235294117647058,1.723529412,1.347058824
171,West Ham,Man United,18,1.588235294117647,1.6470588235294117,-1,8,7,1,0.47058823529411764,0.5294117647058824,0.17647058823529413,0.058823529411764705,0.35294117647058826,0.4117647058823529,1.7058823529411764,1.0588235294117647,1.7647058823529411,1.2352941176470589,-0.058823529411764705,-0.17647058823529413,11.647058823529411,14.647058823529411,4.0,4.411764705882353,15.941176470588236,15.941176470588236,5.411764705882353,5.0588235294117645,0,0,10,9,1.7647058823529411,0.9411764705882353,1.1764705882352942,0.8235294117647058,10.941176470588236,10.823529411764707,13.529411764705882,18.352941176470587,4.235294117647059,3.2941176470588234,4.470588235294118,4.9411764705882355,1.6470588235294117,1.5294117647058822,0.47058823529411764,0.47058823529411764,0.23529411764705882,0.11764705882352941,0.23529411764705882,0.35294117647058826,1.719298246,1.34502924
172,Fulham,Burnley,18,1.2352941176470589,0.47058823529411764,13,13,19,-6,0.35294117647058826,0.11764705882352941,0.17647058823529413,0.11764705882352941,0.47058823529411764,0.7647058823529411,1.5294117647058822,0.9411764705882353,1.7058823529411764,2.1176470588235294,-0.17647058823529413,-1.1764705882352942,11.058823529411764,10.823529411764707,4.235294117647059,3.3529411764705883,13.235294117647058,14.294117647058824,5.9411764705882355,5.882352941176471,3,1,9,4,2.0,0.7058823529411765,1.0588235294117647,1.6470588235294117,13.058823529411764,8.235294117647058,8.823529411764707,16.470588235294116,4.235294117647059,2.823529411764706,3.8823529411764706,6.117647058823529,1.7647058823529411,0.5882352941176471,0.5882352941176471,0.11764705882352941,0.0,0.23529411764705882,0.35294117647058826,0.5882352941176471,1.720930233,1.337209302
173,Luton,Newcastle,18,0.7058823529411765,1.7058823529411764,-17,18,6,12,0.17647058823529413,0.5294117647058824,0.17647058823529413,0.11764705882352941,0.6470588235294118,0.35294117647058826,1.0588235294117647,2.1176470588235294,1.8823529411764706,1.2352941176470589,-0.8235294117647058,0.8823529411764706,10.647058823529411,14.235294117647058,2.764705882352941,5.647058823529412,17.470588235294116,12.529411764705882,5.647058823529412,4.411764705882353,0,0,3,6,1.1764705882352942,1.6470588235294117,1.6470588235294117,2.0,10.823529411764707,10.705882352941176,14.352941176470589,13.764705882352942,2.823529411764706,4.352941176470588,5.0588235294117645,5.647058823529412,0.5882352941176471,0.5882352941176471,0.11764705882352941,0.11764705882352941,0.23529411764705882,0.23529411764705882,0.5882352941176471,0.5882352941176471,1.710982659,1.341040462
174,Nott'm Forest,Bournemouth,18,0.8235294117647058,1.2941176470588236,-8,17,12,5,0.17647058823529413,0.35294117647058826,0.29411764705882354,0.23529411764705882,0.5294117647058824,0.4117647058823529,1.0,1.411764705882353,1.7647058823529411,1.8823529411764706,-0.7647058823529411,-0.47058823529411764,10.882352941176471,12.647058823529411,3.176470588235294,5.0,13.294117647058824,15.882352941176471,4.705882352941177,5.352941176470588,1,3,1,13,1.1764705882352942,1.5294117647058822,1.2941176470588236,2.1176470588235294,12.470588235294118,11.411764705882353,11.294117647058824,17.88235294117647,3.2941176470588234,4.470588235294118,3.764705882352941,5.294117647058823,1.0588235294117647,1.1764705882352942,0.23529411764705882,0.35294117647058826,0.35294117647058826,0.11764705882352941,0.35294117647058826,0.47058823529411764,1.706896552,1.333333333
175,Tottenham,Everton,18,1.9411764705882353,1.5294117647058822,7,5,10,-5,0.5882352941176471,0.47058823529411764,0.17647058823529413,0.11764705882352941,0.23529411764705882,0.4117647058823529,2.0588235294117645,1.2941176470588236,1.3529411764705883,1.1764705882352942,0.7058823529411765,0.11764705882352941,16.176470588235293,14.235294117647058,6.176470588235294,4.882352941176471,13.470588235294118,12.588235294117647,4.235294117647059,3.5294117647058822,3,3,4,12,1.7647058823529411,1.411764705882353,1.2941176470588236,1.2941176470588236,18.352941176470587,10.352941176470589,12.117647058823529,13.647058823529411,7.176470588235294,3.764705882352941,4.588235294117647,3.8823529411764706,1.7647058823529411,1.8823529411764706,0.5882352941176471,0.5882352941176471,0.0,0.11764705882352941,0.35294117647058826,0.23529411764705882,1.708571429,1.342857143
176,Liverpool,Arsenal,18,2.235294117647059,2.2941176470588234,-1,2,1,1,0.6470588235294118,0.7058823529411765,0.29411764705882354,0.17647058823529413,0.058823529411764705,0.11764705882352941,2.1176470588235294,2.0588235294117645,0.8823529411764706,0.8823529411764706,1.2352941176470589,1.1764705882352942,18.470588235294116,15.823529411764707,6.0588235294117645,5.705882352941177,11.705882352941176,8.117647058823529,3.7058823529411766,2.5294117647058822,3,0,13,12,2.4705882352941178,1.5294117647058822,0.5882352941176471,0.8235294117647058,22.235294117647058,14.0,9.294117647058824,8.823529411764707,7.647058823529412,4.352941176470588,2.7058823529411766,2.4705882352941178,2.588235294117647,1.8823529411764706,0.8235294117647058,0.5882352941176471,0.11764705882352941,0.11764705882352941,0.0,0.23529411764705882,1.710227273,1.340909091
177,Wolves,Chelsea,18,1.1176470588235294,1.2941176470588236,-3,15,11,4,0.29411764705882354,0.35294117647058826,0.23529411764705882,0.23529411764705882,0.47058823529411764,0.4117647058823529,1.2352941176470589,1.6470588235294117,1.7058823529411764,1.5294117647058822,-0.47058823529411764,0.11764705882352941,11.294117647058824,13.647058823529411,3.8823529411764706,4.882352941176471,14.117647058823529,12.294117647058824,5.0,4.705882352941177,1,0,7,4,1.2941176470588236,1.5294117647058822,1.5294117647058822,1.5294117647058822,9.764705882352942,12.235294117647058,13.176470588235293,12.235294117647058,3.411764705882353,4.470588235294118,4.470588235294118,4.705882352941177,1.411764705882353,1.1764705882352942,0.35294117647058826,0.35294117647058826,0.35294117647058826,0.11764705882352941,0.23529411764705882,0.47058823529411764,1.706214689,1.338983051
178,Newcastle,Nott'm Forest,19,1.6111111111111112,0.7777777777777778,15,6,17,-11,0.5,0.16666666666666666,0.1111111111111111,0.2777777777777778,0.3333333333333333,0.5,2.0,0.9444444444444444,1.1666666666666667,1.6666666666666667,0.8333333333333334,-0.7222222222222222,13.444444444444445,10.277777777777779,5.333333333333333,3.0,11.833333333333334,12.555555555555555,4.166666666666667,4.444444444444445,0,1,6,1,2.4444444444444446,0.7777777777777778,0.4444444444444444,2.111111111111111,16.77777777777778,8.777777777777779,10.666666666666666,14.444444444444445,6.555555555555555,2.888888888888889,3.0,5.333333333333333,2.6666666666666665,0.5555555555555556,0.8888888888888888,0.1111111111111111,0.0,0.2222222222222222,0.1111111111111111,0.6666666666666666,1.707865169,1.337078652
179,Bournemouth,Fulham,19,1.2222222222222223,1.1666666666666667,1,12,13,-1,0.3333333333333333,0.3333333333333333,0.2222222222222222,0.16666666666666666,0.3888888888888889,0.4444444444444444,1.3333333333333333,1.4444444444444444,1.7777777777777777,1.6111111111111112,-0.4444444444444444,-0.16666666666666666,11.944444444444445,10.444444444444445,4.722222222222222,4.0,15.0,12.5,5.055555555555555,5.611111111111111,3,3,13,9,0.8888888888888888,1.0,1.3333333333333333,2.2222222222222223,11.11111111111111,8.555555555555555,11.88888888888889,16.666666666666668,4.444444444444445,4.0,4.555555555555555,7.555555555555555,1.0,0.6666666666666666,0.2222222222222222,0.1111111111111111,0.3333333333333333,0.3333333333333333,0.3333333333333333,0.5555555555555556,1.703910615,1.346368715
180,Sheffield United,Luton,19,0.5,0.8333333333333334,-6,20,17,3,0.1111111111111111,0.2222222222222222,0.16666666666666666,0.16666666666666666,0.7222222222222222,0.6111111111111112,0.7222222222222222,1.1666666666666667,2.4444444444444446,1.8888888888888888,-1.7222222222222223,-0.7222222222222222,8.166666666666666,10.722222222222221,2.5555555555555554,2.8333333333333335,17.666666666666668,17.666666666666668,7.166666666666667,5.666666666666667,0,3,3,6,0.8888888888888888,0.7777777777777778,2.3333333333333335,2.0,9.333333333333334,8.11111111111111,18.22222222222222,17.77777777777778,3.0,2.0,7.666666666666667,5.666666666666667,0.7777777777777778,0.4444444444444444,0.2222222222222222,0.1111111111111111,0.1111111111111111,0.1111111111111111,0.6666666666666666,0.6666666666666666,1.711111111,1.338888889
181,Burnley,Liverpool,19,0.6111111111111112,2.1666666666666665,-28,19,2,17,0.16666666666666666,0.6111111111111112,0.1111111111111111,0.3333333333333333,0.7222222222222222,0.05555555555555555,1.0,2.0555555555555554,2.0,0.8888888888888888,-1.0,1.1666666666666667,10.61111111111111,18.166666666666668,3.2777777777777777,5.888888888888889,14.555555555555555,11.777777777777779,5.833333333333333,3.611111111111111,0,1,4,11,1.1111111111111112,1.6666666666666667,2.4444444444444446,1.1111111111111112,12.666666666666666,13.88888888888889,11.444444444444445,13.333333333333334,3.6666666666666665,4.222222222222222,5.333333333333333,4.444444444444445,0.3333333333333333,1.7777777777777777,0.1111111111111111,0.4444444444444444,0.0,0.4444444444444444,0.8888888888888888,0.1111111111111111,1.712707182,1.348066298
182,Man United,Aston Villa,19,1.5555555555555556,2.1666666666666665,-11,8,3,5,0.5,0.6666666666666666,0.05555555555555555,0.16666666666666666,0.4444444444444444,0.16666666666666666,1.0,2.111111111111111,1.2777777777777777,1.2222222222222223,-0.2777777777777778,0.8888888888888888,14.444444444444445,14.666666666666666,4.333333333333333,5.333333333333333,15.722222222222221,9.88888888888889,5.055555555555555,4.111111111111111,1,3,7,13,1.1111111111111112,1.3333333333333333,1.5555555555555556,1.7777777777777777,17.444444444444443,14.222222222222221,12.777777777777779,11.444444444444445,5.222222222222222,4.666666666666667,4.888888888888889,5.222222222222222,1.6666666666666667,1.5555555555555556,0.5555555555555556,0.4444444444444444,0.0,0.2222222222222222,0.4444444444444444,0.3333333333333333,1.703296703,1.351648352
183,Brentford,Wolves,19,1.0555555555555556,1.2222222222222223,-3,15,13,2,0.2777777777777778,0.3333333333333333,0.2222222222222222,0.2222222222222222,0.5,0.4444444444444444,1.3888888888888888,1.2777777777777777,1.5555555555555556,1.6666666666666667,-0.16666666666666666,-0.3888888888888889,13.722222222222221,11.444444444444445,4.333333333333333,4.0,13.11111111111111,14.222222222222221,4.222222222222222,5.0,0,0,3,4,1.7777777777777777,1.1111111111111112,1.5555555555555556,1.7777777777777777,15.0,12.11111111111111,13.11111111111111,14.222222222222221,4.666666666666667,4.111111111111111,3.888888888888889,5.222222222222222,1.3333333333333333,0.7777777777777778,0.3333333333333333,0.2222222222222222,0.3333333333333333,0.1111111111111111,0.3333333333333333,0.6666666666666666,1.710382514,1.355191257
184,Chelsea,Crystal Palace,19,1.2222222222222223,1.0,4,12,16,-4,0.3333333333333333,0.2222222222222222,0.2222222222222222,0.3333333333333333,0.4444444444444444,0.4444444444444444,1.6111111111111112,1.0,1.5555555555555556,1.4444444444444444,0.05555555555555555,-0.4444444444444444,13.777777777777779,11.666666666666666,4.888888888888889,3.9444444444444446,12.38888888888889,12.833333333333334,4.777777777777778,4.0,3,1,6,2,1.6666666666666667,1.1111111111111112,1.4444444444444444,1.4444444444444444,14.222222222222221,11.555555555555555,11.666666666666666,13.11111111111111,5.0,4.0,4.444444444444445,4.222222222222222,1.3333333333333333,1.3333333333333333,0.3333333333333333,0.3333333333333333,0.3333333333333333,0.3333333333333333,0.3333333333333333,0.3333333333333333,1.706521739,1.369565217
185,Everton,Man City,19,1.4444444444444444,2.0555555555555554,-11,10,4,6,0.4444444444444444,0.6111111111111112,0.1111111111111111,0.2222222222222222,0.4444444444444444,0.16666666666666666,1.2777777777777777,2.388888888888889,1.2222222222222223,1.1666666666666667,0.05555555555555555,1.2222222222222223,14.444444444444445,16.333333333333332,5.055555555555555,6.833333333333333,12.61111111111111,8.0,3.6666666666666665,2.9444444444444446,3,1,12,6,1.1111111111111112,2.0,1.0,1.2222222222222223,17.11111111111111,17.666666666666668,10.88888888888889,9.222222222222221,5.666666666666667,7.666666666666667,3.0,3.3333333333333335,1.1111111111111112,1.7777777777777777,0.3333333333333333,0.5555555555555556,0.1111111111111111,0.1111111111111111,0.5555555555555556,0.3333333333333333,1.708108108,1.367567568
186,Brighton,Tottenham,19,1.5,2.0,-9,9,5,4,0.3888888888888889,0.6111111111111112,0.3333333333333333,0.16666666666666666,0.2777777777777778,0.2222222222222222,1.8888888888888888,2.0555555555555554,1.7222222222222223,1.3333333333333333,0.16666666666666666,0.7222222222222222,15.11111111111111,16.0,6.166666666666667,6.166666666666667,12.277777777777779,13.722222222222221,4.277777777777778,4.444444444444445,0,3,7,7,2.0,2.2222222222222223,1.3333333333333333,1.3333333333333333,18.88888888888889,13.222222222222221,9.88888888888889,14.0,7.333333333333333,4.888888888888889,3.0,3.6666666666666665,1.7777777777777777,2.0,0.4444444444444444,0.5555555555555556,0.4444444444444444,0.3333333333333333,0.1111111111111111,0.1111111111111111,1.704301075,1.376344086
187,Arsenal,West Ham,19,2.2222222222222223,1.6666666666666667,10,1,6,-5,0.6666666666666666,0.5,0.2222222222222222,0.16666666666666666,0.1111111111111111,0.3333333333333333,2.0,1.7222222222222223,0.8888888888888888,1.6666666666666667,1.1111111111111112,0.05555555555555555,15.666666666666666,11.666666666666666,5.5,4.055555555555555,8.38888888888889,15.666666666666666,2.5555555555555554,5.277777777777778,3,3,12,10,2.4444444444444446,1.5555555555555556,0.8888888888888888,2.2222222222222223,16.666666666666668,11.666666666666666,7.0,17.333333333333332,6.666666666666667,3.5555555555555554,2.4444444444444446,6.0,2.5555555555555554,1.4444444444444444,0.7777777777777778,0.4444444444444444,0.2222222222222222,0.1111111111111111,0.0,0.4444444444444444,1.71657754,1.379679144
188,Luton,Chelsea,20,0.7894736842105263,1.1578947368421053,-7,17,12,5,0.21052631578947367,0.3157894736842105,0.15789473684210525,0.21052631578947367,0.5789473684210527,0.42105263157894735,1.105263157894737,1.5263157894736843,1.7894736842105263,1.4736842105263157,-0.6842105263157895,0.05263157894736842,10.157894736842104,13.052631578947368,2.6842105263157894,4.631578947368421,16.736842105263158,11.736842105263158,5.368421052631579,4.526315789473684,3,3,6,6,1.1578947368421053,1.4736842105263157,1.4736842105263157,1.5789473684210527,11.368421052631579,12.631578947368421,14.421052631578947,12.421052631578947,3.0526315789473686,4.526315789473684,4.7368421052631575,4.842105263157895,0.8421052631578947,1.0526315789473684,0.21052631578947367,0.3157894736842105,0.21052631578947367,0.10526315789473684,0.5263157894736842,0.5263157894736842,1.707446809,1.382978723
189,Aston Villa,Burnley,20,2.0526315789473686,0.5789473684210527,28,3,19,-16,0.631578947368421,0.15789473684210525,0.15789473684210525,0.10526315789473684,0.15789473684210525,0.6842105263157895,2.0,0.9473684210526315,1.1578947368421053,1.894736842105263,0.8421052631578947,-0.9473684210526315,13.894736842105264,10.052631578947368,5.052631578947368,3.1052631578947367,9.368421052631579,13.789473684210526,3.8947368421052633,5.526315789473684,3,0,13,4,2.736842105263158,0.8421052631578947,0.631578947368421,1.4736842105263157,14.31578947368421,8.105263157894736,7.894736842105263,16.736842105263158,5.684210526315789,2.736842105263158,2.8421052631578947,6.0,2.6315789473684212,0.8421052631578947,0.8421052631578947,0.21052631578947367,0.10526315789473684,0.21052631578947367,0.0,0.5263157894736842,1.708994709,1.391534392
190,Crystal Palace,Brentford,20,0.9473684210526315,1.0,-1,16,15,1,0.21052631578947367,0.2631578947368421,0.3157894736842105,0.21052631578947367,0.47368421052631576,0.5263157894736842,1.0,1.368421052631579,1.4736842105263157,1.631578947368421,-0.47368421052631576,-0.2631578947368421,11.736842105263158,13.473684210526315,4.0,4.315789473684211,12.631578947368421,13.105263157894736,4.0,4.315789473684211,1,0,3,3,0.8421052631578947,0.8421052631578947,1.368421052631579,1.0526315789473684,11.157894736842104,10.31578947368421,11.894736842105264,11.263157894736842,3.6842105263157894,3.3684210526315788,3.5789473684210527,3.789473684210526,0.631578947368421,0.7368421052631579,0.10526315789473684,0.21052631578947367,0.3157894736842105,0.10526315789473684,0.5263157894736842,0.5263157894736842,1.715789474,1.394736842
191,Man City,Sheffield United,20,2.1052631578947367,0.47368421052631576,31,2,20,-18,0.631578947368421,0.10526315789473684,0.21052631578947367,0.15789473684210525,0.15789473684210525,0.7368421052631579,2.3684210526315788,0.7894736842105263,1.105263157894737,2.473684210526316,1.263157894736842,-1.6842105263157894,16.42105263157895,8.842105263157896,6.684210526315789,2.736842105263158,7.7894736842105265,17.36842105263158,2.8947368421052633,7.0,3,1,8,4,2.3157894736842106,0.5263157894736842,0.9473684210526315,2.4210526315789473,11.789473684210526,6.631578947368421,5.684210526315789,16.210526315789473,4.7368421052631575,2.0,2.210526315789474,6.315789473684211,1.894736842105263,0.21052631578947367,0.5263157894736842,0.0,0.3157894736842105,0.21052631578947367,0.0,0.7368421052631579,1.722513089,1.392670157
192,Wolves,Everton,20,1.3157894736842106,1.368421052631579,-1,12,10,2,0.3684210526315789,0.42105263157894735,0.21052631578947367,0.10526315789473684,0.42105263157894735,0.47368421052631576,1.4210526315789473,1.263157894736842,1.631578947368421,1.3157894736842106,-0.21052631578947367,-0.05263157894736842,11.421052631578947,14.052631578947368,4.052631578947368,4.894736842105263,14.210526315789474,13.157894736842104,4.947368421052632,3.9473684210526314,3,0,7,12,1.368421052631579,1.368421052631579,1.4736842105263157,1.368421052631579,10.210526315789474,11.157894736842104,13.473684210526315,13.578947368421053,3.6842105263157894,4.2105263157894735,4.526315789473684,4.105263157894737,1.5789473684210527,1.6842105263157894,0.42105263157894735,0.5263157894736842,0.3157894736842105,0.10526315789473684,0.21052631578947367,0.3157894736842105,1.723958333,1.385416667
193,Nott'm Forest,Man United,20,0.8947368421052632,1.631578947368421,-14,17,7,10,0.21052631578947367,0.5263157894736842,0.2631578947368421,0.05263157894736842,0.5263157894736842,0.42105263157894735,1.1578947368421053,1.105263157894737,1.7894736842105263,1.3157894736842106,-0.631578947368421,-0.21052631578947367,11.105263157894736,14.368421052631579,3.4210526315789473,4.473684210526316,13.842105263157896,15.421052631578947,4.947368421052632,5.0,0,0,1,4,1.263157894736842,0.8421052631578947,1.4736842105263157,0.9473684210526315,12.31578947368421,10.842105263157896,12.0,17.68421052631579,3.473684210526316,3.263157894736842,4.105263157894737,4.947368421052632,0.9473684210526315,1.368421052631579,0.21052631578947367,0.42105263157894735,0.3157894736842105,0.10526315789473684,0.42105263157894735,0.42105263157894735,1.730569948,1.378238342
194,Fulham,Arsenal,20,1.105263157894737,2.1052631578947367,-19,14,3,11,0.3157894736842105,0.631578947368421,0.15789473684210525,0.21052631578947367,0.5263157894736842,0.15789473684210525,1.368421052631579,1.894736842105263,1.7894736842105263,0.9473684210526315,-0.42105263157894735,0.9473684210526315,11.31578947368421,16.42105263157895,4.2105263157894735,5.631578947368421,13.052631578947368,8.263157894736842,5.631578947368421,2.5789473684210527,0,1,6,10,1.7894736842105263,1.4736842105263157,1.1578947368421053,0.8421052631578947,13.68421052631579,13.894736842105264,8.631578947368421,9.263157894736842,4.315789473684211,4.105263157894737,3.6842105263157894,2.526315789473684,1.5789473684210527,1.7894736842105263,0.5263157894736842,0.5263157894736842,0.0,0.21052631578947367,0.42105263157894735,0.21052631578947367,1.731958763,1.37628866
195,Tottenham,Bournemouth,20,1.894736842105263,1.3157894736842106,11,5,13,-8,0.5789473684210527,0.3684210526315789,0.15789473684210525,0.21052631578947367,0.2631578947368421,0.42105263157894735,2.0526315789473686,1.4736842105263157,1.4736842105263157,1.8421052631578947,0.5789473684210527,-0.3684210526315789,16.157894736842106,13.421052631578947,6.0,4.894736842105263,13.789473684210526,15.263157894736842,4.684210526315789,5.2631578947368425,3,3,10,13,1.7894736842105263,1.6842105263157894,1.263157894736842,2.1052631578947367,17.789473684210527,12.105263157894736,12.736842105263158,17.157894736842106,7.052631578947368,4.7368421052631575,4.947368421052632,5.2631578947368425,1.894736842105263,1.368421052631579,0.631578947368421,0.42105263157894735,0.0,0.10526315789473684,0.3157894736842105,0.42105263157894735,1.733333333,1.374358974
196,Liverpool,Newcastle,20,2.210526315789474,1.5263157894736843,13,1,9,-8,0.631578947368421,0.47368421052631576,0.3157894736842105,0.10526315789473684,0.05263157894736842,0.42105263157894735,2.0526315789473686,1.9473684210526316,0.8421052631578947,1.3157894736842106,1.2105263157894737,0.631578947368421,18.210526315789473,14.526315789473685,6.105263157894737,5.526315789473684,11.631578947368421,12.842105263157896,3.4210526315789473,4.526315789473684,1,0,11,6,2.3157894736842106,1.4736842105263157,0.631578947368421,1.894736842105263,21.263157894736842,11.157894736842104,9.68421052631579,14.0,7.157894736842105,4.105263157894737,2.6315789473684212,5.578947368421052,2.4210526315789473,0.5263157894736842,0.7368421052631579,0.10526315789473684,0.21052631578947367,0.21052631578947367,0.0,0.631578947368421,1.739795918,1.37244898
197,West Ham,Brighton,20,1.736842105263158,1.5789473684210527,3,6,8,-2,0.5263157894736842,0.42105263157894735,0.15789473684210525,0.3157894736842105,0.3157894736842105,0.2631578947368421,1.736842105263158,2.0,1.5789473684210527,1.736842105263158,0.15789473684210525,0.2631578947368421,11.368421052631579,15.105263157894736,4.0,6.315789473684211,16.42105263157895,12.631578947368421,5.421052631578948,4.2105263157894735,3,1,10,5,1.7894736842105263,1.6842105263157894,1.0526315789473684,2.0,11.052631578947368,10.736842105263158,13.263157894736842,13.894736842105264,4.315789473684211,4.7368421052631575,4.315789473684211,5.2631578947368425,1.7894736842105263,1.1578947368421053,0.5263157894736842,0.3157894736842105,0.21052631578947367,0.21052631578947367,0.21052631578947367,0.42105263157894735,1.751269036,1.375634518
198,Burnley,Luton,21,0.55,0.75,-4,19,18,1,0.15,0.2,0.1,0.15,0.7,0.6,0.9,1.15,1.9,1.85,-1.0,-0.7,10.0,10.4,2.95,2.85,14.05,16.5,5.75,5.5,3,3,7,6,1.0,1.0,2.4,2.0,12.3,8.5,12.2,18.1,3.3,2.2,5.8,5.7,0.3,0.7,0.1,0.2,0.0,0.1,0.9,0.6,1.742424242,1.368686869
199,Chelsea,Fulham,21,1.25,1.05,4,11,14,-3,0.35,0.3,0.2,0.15,0.4,0.5,1.55,1.3,1.45,1.7,0.1,-0.4,12.85,10.75,4.6,4.0,11.8,12.4,4.55,5.35,0,0,6,6,1.7,0.9,1.4,2.3,13.7,8.5,11.8,16.6,4.9,3.9,4.5,7.2,1.5,0.6,0.4,0.1,0.3,0.3,0.3,0.6,1.733668342,1.361809045
200,Newcastle,Man City,21,1.45,2.05,-12,9,3,6,0.45,0.6,0.1,0.25,0.45,0.15,1.95,2.25,1.45,1.05,0.5,1.2,14.05,15.6,5.4,6.35,13.9,7.4,5.05,2.75,0,3,3,10,2.3,2.1,0.7,1.2,17.0,18.2,11.1,9.0,6.6,7.8,3.3,3.2,2.4,1.9,0.8,0.6,0.0,0.1,0.2,0.3,1.725,1.355
201,Everton,Aston Villa,21,1.3,2.1,-16,12,2,10,0.4,0.65,0.1,0.15,0.5,0.2,1.2,2.15,1.4,1.35,-0.2,0.8,13.85,14.65,4.65,5.35,13.1,10.0,4.05,4.3,0,0,9,10,1.1,1.4,1.2,1.9,16.1,13.8,12.1,11.6,5.3,4.6,3.6,5.4,1.0,1.4,0.3,0.4,0.1,0.2,0.6,0.4,1.71641791,1.348258706
202,Man United,Tottenham,21,1.55,1.95,-8,8,5,3,0.5,0.6,0.05,0.15,0.45,0.25,1.1,2.1,1.35,1.45,-0.25,0.65,14.15,15.95,4.5,6.0,15.05,14.3,4.85,4.65,3,0,7,9,1.3,2.2,1.6,1.6,17.0,13.8,12.5,14.1,5.4,4.7,4.8,4.2,1.8,1.8,0.6,0.5,0.0,0.3,0.4,0.2,1.707920792,1.341584158
203,Arsenal,Crystal Palace,21,2.0,1.05,19,4,15,-11,0.6,0.25,0.2,0.3,0.2,0.45,1.85,1.1,1.0,1.45,0.85,-0.35,16.25,11.8,5.5,4.1,8.6,12.45,2.65,4.0,0,0,7,2,2.2,1.1,1.0,1.5,18.0,11.7,6.9,12.7,6.8,4.1,2.5,4.2,2.3,1.2,0.7,0.3,0.2,0.3,0.1,0.4,1.699507389,1.334975369
204,Brentford,Nott'm Forest,21,1.0,1.0,0,16,17,-1,0.25,0.25,0.25,0.25,0.5,0.5,1.3,1.2,1.55,1.75,-0.25,-0.55,12.8,10.95,4.1,3.35,12.45,13.65,4.1,4.95,0,3,0,4,1.7,1.0,1.8,2.0,14.9,9.4,12.9,14.9,4.6,3.2,4.0,5.5,1.2,0.8,0.3,0.2,0.3,0.2,0.4,0.6,1.691176471,1.328431373
205,Sheffield United,West Ham,21,0.45,1.7,-25,20,6,14,0.1,0.5,0.15,0.2,0.75,0.3,0.75,1.65,2.45,1.5,-1.7,0.15,8.6,11.1,2.7,3.9,17.4,16.7,6.85,5.55,0,3,4,12,1.0,1.6,2.4,2.0,10.5,11.1,17.6,18.6,3.3,3.5,7.3,6.2,0.7,1.6,0.2,0.5,0.1,0.1,0.7,0.4,1.682926829,1.32195122
206,Bournemouth,Liverpool,21,1.3,2.25,-19,13,1,12,0.35,0.65,0.25,0.3,0.4,0.05,1.4,2.15,1.75,0.9,-0.35,1.25,12.75,19.0,4.65,6.55,14.5,11.3,5.0,3.4,0,3,12,11,1.1,1.7,1.2,1.0,11.6,14.4,11.5,12.9,4.4,4.8,4.4,4.0,1.2,1.9,0.3,0.5,0.3,0.4,0.3,0.1,1.674757282,1.315533981
207,Brighton,Wolves,21,1.55,1.4,3,7,11,-4,0.4,0.4,0.35,0.2,0.25,0.4,1.9,1.5,1.65,1.55,0.25,-0.05,15.45,11.45,6.4,4.15,12.3,14.0,4.1,4.7,3,3,8,10,2.2,1.4,1.4,1.7,18.5,12.0,10.8,14.2,7.5,4.2,3.0,5.1,1.9,1.0,0.5,0.3,0.4,0.1,0.1,0.6,1.666666667,1.309178744
